EmployeeNumber,JobRole,JobLevel,OverTime,DailyRate,HourlyRate,MonthlyRate,MonthlyIncome,PercentSalaryHike,StandardHours,StockOptionLevel,TrainingTimesLastYear
1469,Business Development Associate,2,No,866,84,23490,8463,18,80,0,4
250,Operations Director,2,No,1084,57,26250,4450,11,80,2,3
1714,HR Specialist,1,No,240,58,11585,1555,11,80,1,2
86,Product Research Analyst,3,No,1339,59,18787,9724,17,80,1,2
304,Lab Analyst,2,No,1396,62,9945,5914,16,80,0,3
666,Business Development Executive,1,Yes,204,31,2912,2579,18,80,2,3
577,Lab Analyst,1,No,144,46,19225,4230,15,80,0,2
332,Lab Analyst,1,No,1431,96,15417,2232,14,80,3,1
302,Business Development Associate,3,No,1052,57,16840,8865,12,80,0,2
63,Lab Analyst,1,No,1229,36,4892,2269,19,80,0,2
925,Business Development Executive,1,Yes,1454,65,13137,3294,18,80,0,3
1293,Business Development Associate,3,No,531,56,20364,10231,14,80,0,3
852,Client Relations Executive,2,No,625,50,5197,5933,12,80,0,2
483,Lab Analyst,1,Yes,1171,46,22495,2213,13,80,1,3
2007,Product Research Analyst,1,No,581,63,17624,3375,12,80,0,2
1745,Product Research Analyst,1,No,1312,78,26427,4968,16,80,0,2
1753,Client Relations Executive,2,Yes,461,70,23060,6294,12,80,0,5
1042,Lab Analyst,1,No,885,43,8269,2743,16,80,0,1
376,Department Manager,3,Yes,666,88,10268,11849,12,80,1,2
1485,Product Research Lead,4,No,829,71,11929,17007,14,80,2,3
355,Lab Analyst,1,No,307,71,11652,3479,11,80,0,2
574,Operations Director,2,No,983,65,7389,5070,13,80,3,2
1446,Business Development Associate,2,No,601,97,23343,9204,12,80,1,3
382,Business Development Associate,2,Yes,322,44,19191,5605,24,80,1,3
1560,Business Development Associate,2,No,1242,46,10589,6392,13,80,1,6
1578,Department Manager,5,No,685,60,23037,19586,21,80,1,3
933,Product Research Analyst,1,No,618,76,17808,2318,19,80,0,2
855,Business Development Associate,2,No,586,48,21816,4037,22,80,1,5
1475,Product Research Analyst,1,No,1467,49,21158,3420,13,80,0,3
339,Operations Director,2,No,470,84,23687,5957,13,80,1,3
1763,Client Relations Executive,2,No,305,58,9128,5294,16,80,1,3
1018,Operations Director,2,No,1066,32,3334,5472,12,80,0,2
807,Client Relations Executive,2,No,791,38,9931,4244,24,80,1,2
623,Operations Director,3,No,799,59,23848,7491,17,80,0,3
1733,Business Development Associate,2,Yes,1456,96,8658,6134,13,80,3,3
984,Business Development Associate,3,No,882,92,6812,7823,13,80,1,2
1468,Product Research Lead,3,No,218,55,25178,13757,11,80,1,5
1210,Product Research Analyst,1,No,906,95,20293,2107,17,80,1,2
65,Lab Analyst,1,Yes,1434,50,11179,3441,13,80,0,3
1834,Product Research Analyst,1,No,1217,67,12719,3591,25,80,1,3
230,Business Development Associate,2,No,702,59,12930,8686,22,80,0,2
1548,Business Development Associate,2,No,1342,47,19345,5473,12,80,0,5
1574,Product Research Analyst,2,No,1200,62,25174,4087,14,80,1,3
1060,Product Research Analyst,1,No,1186,44,2997,2821,16,80,1,2
485,Business Development Executive,1,Yes,350,34,9150,2851,13,80,0,2
361,Business Development Associate,2,No,1327,39,19682,5249,18,80,1,0
1318,Business Development Associate,3,Yes,299,57,17235,9094,12,80,0,2
819,Business Development Associate,2,No,118,69,26507,5324,15,80,0,3
723,Business Development Associate,2,Yes,562,50,23452,6796,14,80,1,4
1248,Product Research Analyst,1,Yes,504,96,6148,1859,25,80,0,2
575,Product Research Lead,4,No,1009,51,2288,17861,13,80,0,2
423,Product Research Analyst,1,Yes,691,86,10077,4821,12,80,1,4
162,Product Research Lead,5,No,684,51,6462,19537,13,80,0,5
1356,Business Development Associate,2,No,507,66,23553,6125,12,80,0,6
1709,Lab Analyst,1,No,1082,43,25412,2974,17,80,1,2
1235,Product Research Analyst,2,Yes,1316,38,2338,4998,14,80,0,2
281,Lab Analyst,2,Yes,905,99,16523,2741,15,80,1,2
1970,Client Relations Executive,2,No,1303,36,18079,5968,20,80,3,2
757,Client Relations Executive,2,No,970,96,7360,6142,11,80,0,2
1633,Operations Director,2,No,711,81,3140,5042,13,80,0,2
1744,HR Specialist,3,No,176,56,6595,9756,21,80,2,2
1079,Lab Analyst,1,No,1334,36,17258,1416,13,80,0,6
1459,Operations Director,3,No,1445,100,8931,7446,11,80,0,2
815,Product Research Lead,4,No,691,64,6881,17639,16,80,0,3
1033,Client Relations Executive,2,No,1141,61,14382,4777,15,80,0,2
261,Operations Director,2,Yes,556,50,15497,5916,13,80,0,1
458,Business Development Associate,2,No,1130,56,3415,6214,18,80,1,3
1885,Product Research Analyst,2,Yes,783,78,13588,4284,22,80,1,2
395,Product Research Analyst,1,No,1117,66,4488,3310,21,80,0,3
1550,Department Manager,4,Yes,898,38,17381,16437,21,80,0,2
1908,Business Development Associate,2,No,335,33,16822,5507,16,80,2,1
38,Department Manager,5,No,705,83,22822,18947,12,80,0,2
656,Business Development Associate,2,Yes,558,75,3010,9602,11,80,1,3
100,Business Development Associate,2,No,776,32,23016,4312,14,80,0,2
1260,Client Relations Executive,2,Yes,1329,82,4204,6623,11,80,2,2
84,Department Manager,4,Yes,836,33,19730,14756,14,80,3,2
1615,Operations Director,2,No,426,42,17000,4724,13,80,1,3
808,Business Development Associate,2,No,1111,93,13305,6500,17,80,1,1
1237,Operations Director,3,Yes,363,77,4235,10252,21,80,1,2
1321,Department Manager,3,Yes,634,95,25927,11916,23,80,2,2
1201,Department Manager,5,No,1223,50,18640,18606,18,80,1,6
760,HR Specialist,2,No,141,44,18767,6389,15,80,1,3
1938,Department Manager,4,Yes,605,72,11761,17875,13,80,1,2
645,Business Development Executive,1,No,622,40,26376,2096,11,80,0,1
1165,Business Development Associate,3,No,408,45,11162,7336,13,80,1,3
1471,Lab Analyst,1,No,981,90,7973,3162,14,80,0,5
1678,Business Development Associate,3,Yes,1206,80,11591,7082,16,80,0,2
665,HR Specialist,2,No,1112,50,26894,5985,11,80,0,1
865,Product Research Analyst,2,No,638,91,22162,5175,12,80,1,3
57,Lab Analyst,2,No,721,58,10781,4011,23,80,0,2
77,Operations Director,2,No,1115,51,2689,5993,18,80,1,2
30,Product Research Analyst,1,No,391,96,19281,1232,14,80,0,6
1975,Business Development Associate,4,No,119,77,25098,13341,12,80,0,3
508,Business Development Executive,1,No,202,72,17434,2476,18,80,1,3
152,Business Development Associate,3,No,1189,87,14506,7428,12,80,0,3
462,Operations Director,3,Yes,1232,39,25713,7143,14,80,0,2
1497,Business Development Associate,2,No,1246,77,23757,8620,14,80,2,3
529,Product Research Analyst,2,Yes,1063,72,23866,4449,15,80,2,2
1503,Business Development Associate,2,Yes,571,78,24200,4591,17,80,1,4
580,Business Development Associate,3,Yes,1125,94,11563,9071,19,80,1,3
374,Department Manager,5,Yes,452,81,18938,19045,14,80,0,2
1121,Operations Director,3,No,950,93,8039,7655,17,80,3,3
840,Business Development Associate,3,No,1184,43,5860,7654,18,80,2,3
1364,Business Development Executive,1,No,1291,98,6527,2534,14,80,1,4
1024,Client Relations Executive,3,No,1355,78,22245,10999,14,80,0,3
1119,Business Development Associate,3,Yes,770,73,5569,8740,14,80,2,2
487,Operations Director,2,No,1144,30,16044,5258,14,80,0,2
1853,Business Development Associate,2,No,1318,79,26075,4648,13,80,0,2
102,Product Research Lead,3,No,397,30,25258,13664,13,80,0,3
336,Department Manager,5,No,252,70,15970,19202,11,80,1,2
1645,Business Development Associate,2,Yes,763,59,22098,5440,14,80,2,2
1611,Lab Analyst,2,Yes,1015,50,23447,5769,14,80,0,3
947,Business Development Associate,2,No,1188,45,24406,6932,13,80,1,2
1084,Operations Director,2,No,1176,85,9096,9957,15,80,1,1
556,Lab Analyst,1,Yes,1490,42,12106,1702,23,80,1,3
192,Product Research Analyst,1,No,1316,83,9752,3452,13,80,0,2
91,Business Development Associate,2,No,1225,57,24668,5473,11,80,0,2
20,Operations Director,3,No,1389,51,10195,9980,11,80,1,1
1677,Department Manager,4,No,809,36,22384,15379,14,80,0,2
1502,Lab Analyst,1,No,1099,82,8192,3838,11,80,0,5
1441,Product Research Analyst,1,No,1255,90,10494,2066,22,80,1,3
1344,Client Relations Executive,3,No,943,86,5494,8500,11,80,1,0
1297,Lab Analyst,1,No,968,40,4257,2838,14,80,0,6
1775,Operations Director,4,Yes,661,60,22308,12965,20,80,3,2
803,Operations Director,2,Yes,240,75,26085,5980,12,80,0,2
566,HR Specialist,1,No,489,52,18437,2564,12,80,0,3
1240,Business Development Associate,2,No,1356,57,20623,4950,14,80,0,4
1127,Client Relations Executive,4,No,203,84,13547,12169,11,80,3,4
721,Client Relations Executive,2,No,408,80,20978,4553,11,80,0,4
416,Business Development Associate,2,No,218,100,12241,6929,11,80,1,3
1852,Lab Analyst,1,No,574,40,7003,3812,13,80,0,3
1839,Product Research Analyst,1,No,1431,33,8018,1514,16,80,0,4
573,Business Development Associate,3,No,1499,80,2845,10266,19,80,0,5
1101,Product Research Analyst,2,No,827,54,3129,4508,22,80,0,4
1177,Lab Analyst,1,No,1384,82,13421,4420,22,80,1,2
1377,Lab Analyst,2,No,285,86,17491,5429,13,80,2,1
379,Product Research Analyst,1,No,996,100,10531,3230,17,80,0,4
587,Client Relations Executive,3,No,534,66,22908,9824,12,80,0,2
470,HR Specialist,1,Yes,544,52,24017,2696,11,80,1,5
1005,Operations Director,4,Yes,939,95,4161,13973,18,80,1,2
1286,Lab Analyst,1,Yes,791,44,6842,2154,11,80,0,2
605,Operations Director,3,Yes,319,56,6950,7406,21,80,1,5
1662,Operations Director,2,No,894,33,15411,4374,15,80,0,6
56,Business Development Associate,3,No,994,37,2975,8726,15,80,0,0
1661,Client Relations Executive,4,Yes,465,41,11652,13966,19,80,1,3
1764,Product Research Analyst,1,No,953,65,17674,2718,14,80,0,3
450,Product Research Analyst,2,No,928,31,16885,4869,12,80,0,4
1279,Lab Analyst,1,No,251,45,25308,2625,20,80,0,2
134,Product Research Analyst,1,No,827,71,15178,2956,13,80,0,2
142,Business Development Associate,2,Yes,240,46,26959,5744,11,80,0,1
420,Business Development Associate,2,No,906,91,16985,5484,14,80,1,3
1457,Business Development Associate,3,No,377,52,15986,10096,11,80,1,1
241,Product Research Analyst,1,Yes,713,67,13939,4257,18,80,1,3
331,Lab Analyst,1,Yes,515,62,9571,3730,14,80,0,2
1390,Business Development Associate,2,Yes,1498,44,3567,6120,12,80,2,2
538,Lab Analyst,1,No,688,91,9396,4031,13,80,1,5
1749,Business Development Associate,2,No,1003,51,20943,8346,19,80,1,3
169,Lab Analyst,1,No,594,100,19299,2523,14,80,1,2
1069,Product Research Lead,5,No,430,40,21445,19627,17,80,2,0
471,Lab Analyst,1,No,1062,75,3956,2370,13,80,1,4
1573,Operations Director,2,No,903,81,7653,4855,11,80,2,2
621,Business Development Associate,2,No,258,74,19921,5337,12,80,0,3
1845,Business Development Associate,2,No,589,67,19665,5154,22,80,2,3
1674,Lab Analyst,1,Yes,464,74,24941,2587,16,80,1,2
1696,Lab Analyst,2,No,1157,57,11912,3986,14,80,1,3
833,Operations Director,2,Yes,946,52,20234,6877,24,80,0,4
41,Lab Analyst,1,No,125,83,16117,2206,13,80,0,5
1871,Product Research Analyst,2,No,835,41,5141,3902,14,80,3,2
569,Department Manager,4,No,1099,88,9314,17046,15,80,1,2
464,Operations Director,3,No,1296,62,18264,8095,13,80,0,5
474,Product Research Analyst,2,Yes,1319,51,17001,5974,13,80,2,2
1892,Department Manager,4,No,1137,98,18991,16823,11,80,1,3
2003,Lab Analyst,1,Yes,1490,43,20232,2660,11,80,1,3
1173,Lab Analyst,1,No,477,49,6409,3597,22,80,0,2
439,Product Research Analyst,2,No,1018,74,10557,5055,16,80,0,0
1541,Business Development Executive,1,Yes,1440,55,4944,2308,25,80,1,4
1580,Product Research Analyst,2,No,1351,45,13008,5484,17,80,1,3
223,Client Relations Executive,3,Yes,334,83,23402,9439,16,80,1,2
1815,Business Development Associate,3,Yes,796,81,26458,10447,13,80,1,3
1646,Product Research Analyst,1,Yes,567,32,17218,3760,13,80,0,2
1373,Operations Director,4,Yes,1369,68,18235,13402,12,80,1,0
498,Business Development Associate,2,No,304,92,20750,5253,16,80,0,1
319,Department Manager,5,No,532,58,4933,19232,11,80,0,3
1525,Operations Director,3,No,1089,32,9150,8376,18,80,0,3
406,Business Development Associate,3,No,1232,96,5100,8020,15,80,2,3
850,Product Research Analyst,1,No,443,50,16571,1706,11,80,3,6
1641,Operations Director,3,Yes,448,84,19948,7945,15,80,0,2
491,Client Relations Executive,3,No,1046,100,2755,10496,15,80,0,2
1821,Client Relations Executive,2,No,261,66,10842,8926,22,80,1,2
1097,Product Research Analyst,2,No,857,59,7909,3660,13,80,0,4
1822,Client Relations Executive,2,No,1194,52,9060,6513,17,80,1,3
81,Business Development Associate,3,No,1435,99,2354,7637,11,80,0,3
1419,HR Specialist,3,No,332,51,9769,7988,13,80,0,3
1998,Product Research Analyst,2,Yes,557,35,11189,5410,17,80,1,3
1514,Operations Director,2,No,1083,96,3173,6549,14,80,2,2
1206,Product Research Analyst,1,No,111,74,4279,2290,13,80,0,3
1258,Lab Analyst,1,No,969,76,16620,2559,11,80,0,4
809,Department Manager,5,No,570,66,16225,18430,13,80,1,4
1369,Lab Analyst,2,No,817,60,10846,5363,12,80,1,0
271,Operations Director,2,No,1261,88,7259,6553,14,80,0,3
744,Lab Analyst,1,No,381,49,2104,3708,14,80,0,5
1137,Business Development Associate,2,No,1182,54,18500,4968,11,80,1,3
1281,Business Development Associate,2,Yes,131,86,6039,4538,12,80,0,3
734,Department Manager,5,No,314,59,19562,19189,12,80,1,3
730,Product Research Lead,4,No,970,59,13514,14814,19,80,0,3
39,Lab Analyst,1,No,924,78,6670,2496,11,80,0,3
74,Business Development Associate,3,No,853,71,11031,9069,22,80,1,3
1693,Lab Analyst,1,No,786,76,11925,2570,20,80,0,5
1480,Lab Analyst,1,No,748,74,16458,3673,13,80,0,3
549,Department Manager,5,No,422,41,3854,19566,11,80,0,5
1547,Client Relations Executive,3,Yes,288,40,18611,10124,14,80,1,3
555,Business Development Executive,1,No,296,33,12253,2351,16,80,1,3
1358,Lab Analyst,1,No,882,67,9075,3669,11,80,3,6
1125,Business Development Associate,3,No,130,32,20619,7351,16,80,0,2
2057,Operations Director,2,No,325,74,3787,9936,19,80,0,2
571,Lab Analyst,1,No,1116,49,7181,2564,14,80,0,2
479,Business Development Associate,2,No,845,45,15276,6653,15,80,0,6
1375,Client Relations Executive,2,No,1202,89,13888,6377,20,80,3,0
424,HR Specialist,2,No,106,62,17822,6410,12,80,0,1
1484,Client Relations Executive,3,No,1490,35,20948,10466,14,80,2,3
132,Lab Analyst,2,No,489,67,25043,2042,12,80,1,3
647,Lab Analyst,1,Yes,1287,55,14168,2886,16,80,1,4
380,Product Research Lead,3,Yes,728,80,11677,13603,18,80,2,2
1487,Business Development Associate,2,No,115,51,17485,5765,11,80,0,4
1997,Operations Director,2,No,508,72,14284,5321,11,80,1,1
1244,Product Research Analyst,1,Yes,1103,42,14377,2235,14,80,2,3
1428,Business Development Associate,2,No,855,73,12761,4779,14,80,2,3
1555,Product Research Analyst,2,No,824,67,15624,5878,12,80,1,2
1243,Business Development Associate,3,Yes,1212,78,13755,10377,11,80,1,6
995,Product Research Analyst,1,No,461,53,17241,3452,18,80,0,4
832,Lab Analyst,2,No,720,51,11983,5094,14,80,0,6
650,Business Development Associate,2,No,1365,46,11512,4233,17,80,0,2
1306,Department Manager,5,No,364,83,13035,18061,22,80,0,4
1950,Business Development Associate,3,No,937,32,6770,9888,21,80,0,3
1148,Lab Analyst,2,No,188,56,9558,4272,19,80,0,3
1627,Lab Analyst,2,No,170,76,10302,3069,15,80,1,3
2026,Client Relations Executive,2,No,667,57,26236,6306,21,80,1,2
1106,Lab Analyst,1,Yes,1219,32,4605,3691,15,80,1,3
1032,Operations Director,4,Yes,715,69,21829,13726,13,80,0,4
671,Department Manager,5,Yes,1315,35,9358,19513,12,80,1,2
328,Lab Analyst,1,No,465,39,21509,2707,20,80,0,3
1289,HR Specialist,2,No,648,56,21833,4490,11,80,2,5
796,Business Development Associate,2,No,1146,38,3064,5326,17,80,0,2
1288,Department Manager,5,No,1199,92,17477,19190,14,80,2,4
689,Operations Director,3,No,482,36,9606,9434,15,80,1,2
1980,Operations Director,2,Yes,157,77,25198,4440,19,80,0,3
579,Product Research Analyst,1,No,1303,62,8416,2768,12,80,1,3
1594,Lab Analyst,2,Yes,1302,80,19711,5562,13,80,1,3
287,Client Relations Executive,2,No,1151,63,14242,4876,14,80,1,5
2065,Business Development Associate,2,No,1023,63,13243,5390,14,80,0,3
1132,Lab Analyst,2,No,439,70,8770,6782,15,80,0,2
731,Department Manager,5,No,427,73,8861,19141,15,80,3,2
329,Department Manager,5,Yes,771,79,21030,19068,18,80,0,2
76,Lab Analyst,2,No,655,48,9528,5915,22,80,1,3
1724,Operations Director,2,Yes,369,92,5041,6516,16,80,1,3
441,Product Research Analyst,2,No,1275,64,11934,5775,13,80,2,2
495,Product Research Analyst,1,No,1283,54,18168,2201,16,80,0,4
977,Product Research Analyst,1,No,289,51,26227,2479,24,80,0,4
964,Product Research Analyst,1,Yes,1469,35,25063,3617,14,80,1,2
1666,Product Research Lead,4,No,1291,65,3525,17603,24,80,1,3
868,Business Development Associate,2,No,342,66,24558,6334,19,80,2,2
1241,Product Research Analyst,1,Yes,1465,63,9369,3579,21,80,1,2
1482,Product Research Analyst,1,No,990,64,7152,1274,13,80,2,2
1597,Client Relations Executive,2,No,653,92,15332,5063,14,80,1,3
1395,Business Development Associate,2,No,1111,61,19293,9998,13,80,0,2
944,Lab Analyst,3,No,527,51,22477,7403,11,80,1,3
323,Department Manager,5,No,854,68,24118,19517,11,80,1,3
567,Business Development Associate,3,No,1398,69,2890,8412,11,80,0,3
269,Lab Analyst,2,No,138,37,15986,4425,11,80,0,5
1731,Business Development Associate,2,No,543,87,3536,4978,11,80,1,3
105,Product Research Analyst,1,No,1214,30,26278,2859,18,80,0,3
1941,Product Research Lead,5,No,1064,42,13738,19161,15,80,0,3
1599,Lab Analyst,1,No,990,87,5855,4876,12,80,1,0
147,Lab Analyst,2,Yes,658,66,22887,6074,24,80,0,3
1754,Business Development Associate,3,No,979,94,3088,7140,11,80,1,2
1673,Business Development Associate,2,No,1112,67,22589,5476,11,80,2,2
1314,HR Specialist,1,No,991,44,22957,3423,12,80,0,3
920,Operations Director,2,No,177,55,23814,4765,21,80,1,2
1737,Lab Analyst,2,Yes,792,77,8989,6472,15,80,1,2
1708,Business Development Associate,3,No,918,35,15869,9241,12,80,0,3
791,Product Research Analyst,1,No,715,41,26589,4258,18,80,1,3
475,Business Development Associate,2,Yes,641,85,6069,4736,12,80,1,2
1576,Product Research Analyst,1,No,1108,65,16530,2367,12,80,1,3
1544,Client Relations Executive,2,No,441,39,7288,9715,13,80,1,3
431,Client Relations Executive,4,Yes,1091,90,17810,13964,12,80,0,2
2052,Product Research Analyst,1,No,287,62,8952,2977,12,80,1,5
1507,Business Development Associate,2,No,467,55,11827,4898,14,80,0,5
951,Lab Analyst,1,No,1184,70,3974,2332,20,80,0,3
524,Operations Director,2,No,480,31,4156,4306,12,80,1,5
786,Business Development Associate,2,No,304,60,18686,6274,22,80,0,5
775,Operations Director,2,No,167,32,4187,5121,14,80,1,3
1317,Product Research Lead,4,Yes,1322,43,22422,16880,11,80,0,2
715,Product Research Analyst,1,No,1225,80,15232,4680,17,80,0,2
903,Business Development Associate,2,Yes,249,35,17783,4537,22,80,1,2
1551,Lab Analyst,1,No,350,57,10036,2296,14,80,3,3
1012,Product Research Analyst,1,No,287,73,13493,1051,15,80,0,2
349,Business Development Associate,2,No,1247,45,10732,6931,14,80,1,2
1654,Operations Director,2,No,492,66,7693,5295,21,80,0,3
1881,Lab Analyst,2,No,311,89,18624,4197,11,80,1,2
1890,HR Specialist,2,No,1213,94,4223,3886,21,80,0,2
1383,Client Relations Executive,2,No,404,98,6163,6687,11,80,0,2
1049,HR Specialist,1,No,788,36,8318,2177,16,80,0,3
113,Business Development Executive,1,No,541,62,9518,2322,13,80,1,3
1966,Operations Director,2,No,1373,56,10138,9679,24,80,0,1
366,Business Development Associate,2,No,1210,78,3687,6644,19,80,2,2
857,Business Development Associate,2,Yes,928,56,2823,6201,14,80,1,1
2046,Business Development Associate,2,No,374,50,23333,4850,15,80,0,3
1707,Product Research Analyst,1,No,581,62,17616,4401,16,80,1,1
1563,HR Specialist,2,No,888,71,14814,6077,11,80,0,2
702,Product Research Analyst,1,Yes,1076,70,3164,3348,11,80,0,3
986,Business Development Associate,4,Yes,1479,100,17071,13194,16,80,0,2
305,Product Research Analyst,1,No,147,47,13248,2622,21,80,0,3
150,Lab Analyst,1,No,1127,52,13257,2774,12,80,1,2
1135,Business Development Executive,1,No,793,67,21981,2791,12,80,1,4
776,Department Manager,4,No,621,31,10084,16856,11,80,0,3
240,Business Development Associate,2,Yes,1268,30,6319,5006,11,80,1,3
1267,Department Manager,5,No,1099,88,8751,18213,11,80,1,5
1102,Lab Analyst,1,No,895,50,22482,2207,16,80,1,5
1789,Product Research Lead,5,Yes,734,46,14218,19328,17,80,1,3
1824,Department Manager,4,No,350,52,22577,16291,22,80,1,0
1312,Client Relations Executive,3,No,325,63,5747,7094,12,80,0,0
391,Product Research Analyst,1,No,1372,42,15881,2115,12,80,0,3
1543,Product Research Analyst,2,No,674,47,3031,4285,17,80,0,2
564,Product Research Lead,3,No,986,93,21526,11935,18,80,0,2
1651,Client Relations Executive,3,No,711,42,22792,8008,12,80,2,6
40,Client Relations Executive,2,Yes,1459,41,19121,6465,13,80,0,5
728,Business Development Associate,2,No,703,42,11825,4960,12,80,0,2
291,Business Development Associate,3,No,1045,32,25812,10400,11,80,0,2
1903,Client Relations Executive,2,No,170,78,9364,5033,15,80,1,5
1516,Department Manager,3,No,495,64,21072,11244,25,80,0,5
1447,Lab Analyst,1,No,401,86,3708,3294,17,80,1,2
874,Lab Analyst,1,Yes,986,62,5044,2818,24,80,1,2
1250,Product Research Lead,4,No,685,85,23474,17779,14,80,0,2
1255,Product Research Lead,5,No,920,96,18625,19740,14,80,1,2
256,Operations Director,2,No,1069,45,14074,9547,17,80,0,2
510,Product Research Analyst,1,No,575,73,6582,3102,22,80,0,2
1355,Business Development Associate,2,No,1009,31,19461,6893,15,80,1,3
1927,Business Development Associate,2,Yes,783,42,19255,6834,12,80,1,2
1411,Lab Analyst,1,No,1462,94,19106,3629,18,80,0,6
107,Product Research Analyst,2,Yes,573,79,15717,5329,12,80,3,3
1836,Business Development Associate,2,No,572,46,9125,4684,13,80,0,4
62,Business Development Associate,2,Yes,1211,98,20445,5772,21,80,0,4
208,Operations Director,2,No,1496,41,26283,4319,13,80,1,1
824,Product Research Analyst,1,No,1252,81,23779,2700,24,80,1,3
1581,Product Research Analyst,1,No,474,89,11133,2061,21,80,0,5
1981,Client Relations Executive,2,No,771,45,14120,4617,12,80,0,2
1464,Lab Analyst,1,Yes,523,94,21081,3722,13,80,1,2
1557,Business Development Associate,2,No,492,96,13693,6439,14,80,1,2
1691,Business Development Executive,1,Yes,708,95,11740,2655,11,80,2,3
2041,Business Development Associate,2,No,345,100,5982,5343,11,80,1,1
655,Product Research Analyst,1,No,798,66,5013,2187,12,80,2,5
245,Lab Analyst,1,No,1380,75,6319,2288,12,80,0,3
1029,Department Manager,5,No,265,90,7770,18303,13,80,0,3
1712,Client Relations Executive,3,No,1238,74,3395,10748,23,80,1,3
507,Business Development Associate,2,Yes,1371,77,5915,4260,12,80,1,2
649,Product Research Analyst,1,Yes,254,83,22794,3622,13,80,1,3
1083,Lab Analyst,1,No,192,59,11141,3955,16,80,2,2
1716,Business Development Associate,4,No,1093,82,24164,12936,11,80,0,3
1653,Operations Director,2,No,772,77,4973,5206,17,80,2,6
466,Operations Director,2,Yes,483,95,10110,6032,15,80,0,3
1657,Business Development Executive,1,No,1141,31,13251,2783,19,80,0,3
608,HR Specialist,1,Yes,426,58,22808,2741,11,80,1,2
785,Business Development Associate,2,Yes,719,77,10339,6397,12,80,0,2
792,Lab Analyst,1,No,575,71,5288,4364,14,80,1,2
1640,Product Research Analyst,1,No,1470,71,9953,3936,11,80,1,2
335,Product Research Analyst,2,No,1300,62,24447,3319,17,80,2,3
1987,HR Specialist,1,No,309,82,19655,2187,14,80,0,3
1934,Product Research Analyst,2,No,1169,64,2125,5467,18,80,1,4
1883,Lab Analyst,1,No,592,59,19384,2062,14,80,0,2
1585,Business Development Associate,2,No,884,73,21447,6815,13,80,0,5
1478,Business Development Associate,2,No,1326,81,15891,4759,18,80,0,2
1965,Business Development Associate,2,No,954,44,5099,4105,14,80,0,5
722,Business Development Associate,2,No,929,55,21703,5396,12,80,0,2
1606,Client Relations Executive,4,Yes,1234,41,20689,11245,15,80,1,3
1179,Business Development Associate,2,No,852,72,2706,6578,18,80,1,3
494,Business Development Executive,1,No,156,90,25422,2716,15,80,0,0
72,Business Development Associate,2,Yes,1443,47,21436,4157,19,80,1,2
844,Product Research Lead,3,Yes,269,42,8842,12808,16,80,1,3
754,Business Development Associate,2,No,775,47,23683,6804,18,80,1,5
426,Product Research Analyst,1,Yes,192,32,7747,2695,18,80,1,2
1554,Business Development Executive,1,No,1402,98,26204,2430,23,80,2,5
144,Lab Analyst,1,No,534,59,23785,2871,15,80,0,5
1703,Client Relations Executive,3,Yes,921,96,14810,7879,19,80,1,2
133,HR Specialist,1,Yes,807,63,23648,2073,22,80,0,3
551,Client Relations Executive,2,No,1368,88,4386,4523,11,80,3,4
894,Lab Analyst,2,Yes,1265,95,23726,5231,13,80,1,1
367,Client Relations Executive,2,No,1463,64,14408,5582,21,80,1,2
1221,Lab Analyst,1,No,917,60,6865,2741,14,80,1,4
405,Lab Analyst,1,No,230,54,25233,1420,13,80,0,2
746,Business Development Associate,4,Yes,217,49,10225,13770,12,80,2,2
1265,Product Research Analyst,1,No,1320,89,21643,2585,17,80,0,5
940,Client Relations Executive,3,Yes,1272,37,9255,10552,13,80,1,3
501,Product Research Analyst,1,No,329,96,11868,2543,13,80,1,3
392,Lab Analyst,1,Yes,920,43,19920,3161,22,80,1,0
1985,Lab Analyst,2,No,692,73,26849,6323,11,80,1,2
1969,Product Research Analyst,2,No,155,67,22474,2897,11,80,2,6
165,Client Relations Executive,3,No,147,94,3465,10312,12,80,1,3
1702,Business Development Executive,1,Yes,427,99,25103,2275,21,80,1,2
399,Business Development Executive,1,No,444,84,3909,2789,11,80,1,5
724,Client Relations Executive,2,No,827,33,19383,7625,13,80,0,4
1638,Operations Director,3,Yes,397,54,14199,7756,19,80,1,6
930,Product Research Analyst,1,No,995,77,9834,2377,18,80,1,2
476,Business Development Associate,2,No,933,57,20156,5296,17,80,1,3
233,Product Research Analyst,1,Yes,1157,51,13364,3058,16,80,1,3
2038,Product Research Analyst,1,No,529,78,11288,2439,14,80,0,4
1196,Operations Director,2,No,977,56,9961,6474,13,80,1,2
1650,Business Development Associate,2,No,469,42,23413,5869,11,80,0,2
288,Client Relations Executive,3,No,644,97,12368,9396,16,80,1,3
1614,Operations Director,2,Yes,559,76,12421,4663,12,80,2,2
190,Lab Analyst,1,No,1033,41,10224,4200,22,80,0,2
1609,Product Research Analyst,1,No,241,48,5348,2141,12,80,1,3
1324,Business Development Associate,3,Yes,587,57,8935,9852,19,80,1,5
1823,Business Development Associate,2,No,810,92,22128,6799,21,80,2,5
1642,HR Specialist,2,Yes,602,37,10503,5743,11,80,0,3
918,Lab Analyst,1,Yes,781,57,13384,2380,14,80,1,3
1333,Lab Analyst,1,No,935,89,14669,2362,12,80,0,4
1912,Business Development Associate,2,Yes,1079,86,20115,6583,11,80,1,2
273,Operations Director,2,No,1084,54,4185,6261,18,80,1,3
854,Product Research Analyst,1,No,180,65,21632,3424,13,80,0,3
826,Product Research Analyst,1,No,1258,40,13301,2506,13,80,0,0
949,Product Research Analyst,1,No,188,65,23293,4678,18,80,0,6
2024,Business Development Associate,3,No,557,94,12695,7644,19,80,2,2
1812,Business Development Associate,2,No,766,83,19188,4127,18,80,1,6
14,Lab Analyst,1,No,809,84,16479,2426,13,80,1,5
199,Department Manager,4,No,857,91,12888,17181,13,80,1,2
967,Business Development Associate,3,Yes,530,51,5518,10325,11,80,1,6
388,Business Development Associate,2,No,442,44,20260,4554,18,80,0,3
407,Lab Analyst,1,No,566,81,7122,3688,18,80,2,2
817,Product Research Lead,3,No,213,49,25995,11691,11,80,0,3
397,Product Research Analyst,2,No,506,30,26285,4485,12,80,0,2
634,Client Relations Executive,2,No,1495,76,22174,9824,19,80,1,4
799,Operations Director,2,Yes,376,95,22670,5485,11,80,2,4
1440,Lab Analyst,1,No,1413,84,25470,3500,14,80,0,2
1044,Business Development Executive,1,No,1038,88,21437,2342,19,80,0,2
2055,Business Development Associate,3,Yes,410,39,16586,10854,13,80,1,3
170,Operations Director,2,No,470,96,5549,6567,14,80,0,2
1477,Business Development Associate,2,No,430,54,17456,4373,14,80,2,2
449,Business Development Associate,2,Yes,210,73,22107,6349,13,80,1,0
440,Product Research Analyst,1,Yes,1157,84,24737,3464,13,80,0,4
909,HR Specialist,2,No,1383,42,7790,5204,11,80,2,2
1569,Lab Analyst,1,Yes,104,69,26619,2074,12,80,1,2
997,Product Research Lead,4,No,1126,66,6615,17399,22,80,1,1
178,Operations Director,2,No,216,84,2819,4941,20,80,2,0
1780,Business Development Executive,1,No,337,31,4567,2679,13,80,0,3
644,Department Manager,5,No,1246,99,7999,18200,11,80,1,2
1118,Client Relations Executive,3,No,994,87,15322,10445,19,80,0,4
582,Department Manager,3,Yes,1277,56,24619,13610,12,80,0,2
1827,Operations Director,3,Yes,1001,92,19271,10333,12,80,1,4
872,Operations Director,2,No,1230,33,19146,4775,22,80,2,2
828,Product Research Analyst,1,No,890,46,16374,4382,17,80,0,3
1681,Business Development Associate,2,Yes,530,36,16130,5368,25,80,1,2
215,Business Development Associate,3,No,630,67,8552,10855,11,80,1,2
1371,Business Development Associate,2,No,793,43,20392,5071,20,80,0,3
2012,Lab Analyst,1,No,543,83,4060,2406,19,80,2,3
1096,Operations Director,3,No,1091,65,15813,10976,18,80,1,4
1108,Product Research Analyst,1,Yes,1017,55,2993,2313,20,80,0,0
970,Business Development Associate,3,No,625,46,14922,10609,11,80,0,2
1779,Business Development Associate,2,No,511,32,25353,6029,12,80,0,3
1280,Department Manager,5,No,168,33,9946,18789,14,80,1,2
1582,Business Development Associate,2,No,1245,80,12355,9924,11,80,1,3
1311,Lab Analyst,2,No,1138,48,23631,4627,12,80,1,6
847,HR Specialist,1,No,829,88,2243,3737,19,80,1,1
1658,Product Research Analyst,2,No,1130,66,19332,5433,12,80,1,2
2036,Business Development Associate,2,No,301,88,10436,5406,24,80,1,4
2040,HR Specialist,3,Yes,1146,31,16642,8837,16,80,0,2
586,Client Relations Executive,3,Yes,1276,72,14295,7632,12,80,0,2
1740,Department Manager,5,No,611,88,4349,19833,14,80,0,3
128,Business Development Associate,2,No,1353,33,17519,4999,21,80,1,2
981,Department Manager,4,No,1376,45,13938,14852,13,80,1,3
1671,Product Research Analyst,2,No,977,45,25518,5470,13,80,2,4
1504,Lab Analyst,1,No,289,38,5355,2561,11,80,0,2
1501,Client Relations Executive,2,Yes,1229,30,16143,4035,16,80,0,2
548,Operations Director,2,No,317,43,24793,6091,20,80,0,2
848,Product Research Analyst,1,Yes,887,88,20898,2366,14,80,1,2
811,Lab Analyst,1,Yes,1243,63,3445,1601,21,80,2,2
211,Operations Director,2,No,1169,34,13983,6132,17,80,0,2
827,Operations Director,2,Yes,932,43,4051,6062,13,80,1,4
856,Product Research Analyst,1,No,1343,53,17852,2559,11,80,0,3
600,Business Development Associate,2,No,619,85,18659,4717,11,80,0,2
701,Product Research Analyst,1,Yes,1362,32,26999,1009,11,80,0,5
1387,Business Development Associate,2,No,736,48,24232,4724,11,80,1,0
1202,Product Research Analyst,1,Yes,942,69,26933,2168,18,80,1,2
520,Product Research Lead,4,No,982,59,4345,14336,11,80,1,3
1180,Product Research Analyst,2,Yes,902,92,21203,4422,13,80,1,3
1192,Lab Analyst,1,No,1401,54,26342,3131,13,80,1,5
1863,Business Development Associate,4,No,1319,45,7739,13225,12,80,1,5
1792,Product Research Analyst,1,Yes,429,99,11092,2342,12,80,3,2
1443,Product Research Lead,4,No,359,82,26703,17169,19,80,2,2
772,Lab Analyst,2,No,430,80,21146,5309,15,80,2,2
662,Product Research Analyst,1,No,362,43,14561,2619,17,80,0,3
1352,Department Manager,4,Yes,770,84,17588,14026,11,80,1,2
422,Client Relations Executive,2,Yes,390,32,17056,5660,13,80,1,2
620,Business Development Associate,2,No,195,80,6698,4859,16,80,0,3
1465,Operations Director,3,Yes,1448,55,14720,9380,18,80,2,4
762,Client Relations Executive,4,No,832,81,20420,11103,11,80,0,1
1062,Client Relations Executive,2,No,124,35,13848,4107,15,80,0,3
1700,Business Development Associate,2,No,1278,31,7677,9525,14,80,2,2
985,Business Development Associate,3,No,903,41,2560,7880,18,80,0,3
1182,Operations Director,3,No,819,44,19588,10274,18,80,1,2
1070,Business Development Associate,3,No,1082,41,8392,10686,11,80,1,4
1046,Lab Analyst,1,No,1109,69,11135,4025,12,80,0,2
473,Department Manager,3,No,530,91,23978,12504,21,80,1,3
998,Client Relations Executive,2,Yes,827,84,20161,5488,13,80,1,2
163,Business Development Associate,2,Yes,249,76,20739,6172,18,80,0,3
244,Business Development Associate,3,No,526,92,2137,10453,25,80,3,2
393,Client Relations Executive,2,No,688,82,18899,5745,14,80,1,2
1995,Business Development Associate,2,No,1321,86,7636,4440,15,80,2,3
1706,Business Development Associate,2,Yes,1179,73,6069,7847,17,80,1,3
403,Product Research Analyst,1,Yes,889,53,11411,2326,12,80,3,3
445,Business Development Associate,2,Yes,1162,41,17778,5238,18,80,0,3
869,HR Specialist,1,No,1169,63,23965,4936,13,80,1,6
2049,Client Relations Executive,2,Yes,1199,80,24594,5689,14,80,2,2
117,Client Relations Executive,2,No,288,99,15830,4152,19,80,3,3
1307,Department Manager,4,Yes,412,94,17334,17123,13,80,2,4
1866,Department Manager,5,No,823,81,22539,19392,13,80,0,2
764,Client Relations Executive,2,No,975,55,23398,6811,19,80,0,2
936,Business Development Associate,2,No,462,68,7824,6244,17,80,0,6
1916,Lab Analyst,1,No,471,62,16031,3978,12,80,1,0
932,Lab Analyst,1,Yes,1122,70,4303,2404,21,80,0,2
1264,Product Research Lead,4,No,694,87,3423,16124,14,80,2,2
396,Product Research Lead,5,Yes,636,35,25594,18665,11,80,0,4
1961,Business Development Executive,1,No,1404,59,11473,2858,14,80,0,3
2008,Product Research Analyst,2,No,1395,48,18698,5098,19,80,0,5
468,Product Research Lead,4,No,810,44,15901,15992,14,80,0,2
1537,Product Research Analyst,1,No,561,33,4156,4084,12,80,0,2
1951,Business Development Associate,3,No,1239,39,22914,8628,18,80,1,2
924,Client Relations Executive,2,Yes,1425,68,4821,6586,17,80,1,2
800,Business Development Associate,2,No,829,84,24008,4342,19,80,1,3
615,Business Development Associate,3,No,1094,58,11373,10932,15,80,1,2
1535,Business Development Associate,3,Yes,971,64,12288,7083,14,80,0,3
451,Client Relations Executive,3,No,1001,43,9262,9985,16,80,1,1
1453,Business Development Associate,3,No,326,31,8386,10793,18,80,1,5
1999,Product Research Analyst,1,No,642,76,21412,2782,22,80,1,3
1956,Product Research Analyst,2,No,1125,48,5771,5003,21,80,0,6
1922,Client Relations Executive,2,No,1297,44,14511,5399,12,80,0,3
446,Business Development Associate,2,No,508,46,4317,4682,14,80,0,6
434,Product Research Analyst,1,Yes,1220,85,20938,2478,12,80,0,2
2061,Lab Analyst,2,No,884,41,12290,2571,17,80,1,3
1698,Lab Analyst,1,No,267,79,13637,2028,18,80,3,6
16,Product Research Analyst,1,No,670,31,15170,2911,17,80,1,1
235,Business Development Executive,1,No,602,100,20989,2325,21,80,0,5
359,Lab Analyst,1,No,1311,100,26062,2794,20,80,0,3
1133,Operations Director,2,No,217,78,23238,7779,20,80,0,0
1794,HR Specialist,2,No,1239,89,12832,4071,13,80,0,4
1056,Business Development Executive,1,No,1144,74,23384,1052,22,80,0,5
183,Business Development Associate,2,No,959,41,24835,8639,18,80,0,3
816,Lab Analyst,1,Yes,805,36,6689,2319,11,80,1,1
1120,Product Research Analyst,1,No,1107,93,26968,2514,22,80,1,1
1035,Product Research Lead,5,No,247,55,20284,19973,22,80,2,3
184,HR Specialist,2,Yes,1240,48,13982,6347,19,80,0,2
1800,Product Research Lead,3,No,1253,65,7914,13464,21,80,0,3
1783,Lab Analyst,1,Yes,1294,79,15999,2398,17,80,0,6
308,Operations Director,2,No,979,90,4381,4345,12,80,1,2
1045,Department Manager,4,No,1234,90,5404,17650,13,80,1,4
547,Product Research Analyst,2,No,532,92,12932,4556,11,80,1,3
442,Operations Director,3,No,798,48,14034,8943,24,80,1,2
408,Operations Director,2,No,1302,84,16321,5482,18,80,1,3
1184,Client Relations Executive,2,No,669,97,25755,5343,20,80,0,3
992,Department Manager,4,No,722,38,20489,17444,11,80,0,2
1962,Business Development Associate,2,Yes,1224,55,13586,5204,11,80,0,2
1986,Business Development Associate,2,No,444,92,4258,5677,14,80,1,4
1268,Business Development Associate,3,Yes,536,82,21708,8380,14,80,2,3
1163,Business Development Associate,2,No,1400,70,5829,5714,20,80,0,3
683,Product Research Analyst,1,No,1397,42,7660,2691,12,80,1,4
1015,Product Research Lead,3,Yes,153,73,17802,11416,12,80,3,4
5,Product Research Analyst,1,Yes,1392,56,23159,2909,11,80,0,3
1002,Lab Analyst,2,Yes,248,42,14039,3633,15,80,1,2
626,Business Development Associate,3,No,142,69,24666,8834,13,80,1,6
438,Business Development Associate,2,No,691,73,7143,7547,12,80,3,3
8,Lab Analyst,1,No,1005,79,11864,3068,13,80,0,2
1301,Product Research Analyst,1,No,640,84,4732,2080,11,80,0,2
1407,Product Research Analyst,1,No,683,36,4050,3904,12,80,0,2
1004,Product Research Analyst,1,Yes,138,48,11539,2132,11,80,0,2
52,Business Development Associate,2,No,1141,42,3193,5376,19,80,2,3
743,Operations Director,3,Yes,168,81,15397,7861,14,80,0,4
334,Product Research Analyst,2,No,1411,36,19877,3072,16,80,2,2
179,Operations Director,3,No,1150,53,25150,10650,15,80,0,2
837,Client Relations Executive,2,No,471,45,4284,6288,15,80,1,3
1864,Business Development Executive,2,No,728,36,7018,3540,21,80,1,5
901,Product Research Lead,4,No,102,72,20206,14275,18,80,0,0
1479,Business Development Associate,2,No,1358,96,2939,5301,15,80,2,2
1876,Business Development Executive,1,No,945,89,16019,1081,13,80,0,3
806,Lab Analyst,1,No,921,38,24375,3833,21,80,2,2
1423,Product Research Lead,5,Yes,1055,76,22456,19701,21,80,1,3
1047,Business Development Associate,2,No,216,75,12278,9725,11,80,1,2
1918,Lab Analyst,1,No,1096,61,7102,2544,18,80,1,3
500,Business Development Associate,2,No,1178,87,14862,4936,11,80,1,2
429,Department Manager,4,Yes,117,99,5355,17068,14,80,0,3
592,Business Development Associate,3,No,635,32,15318,9980,14,80,0,3
436,Business Development Associate,2,Yes,588,65,24624,5228,11,80,0,2
1071,Product Research Analyst,1,No,1240,63,12154,2942,19,80,1,4
1483,Product Research Analyst,2,No,405,93,2721,4900,24,80,1,2
568,Department Manager,4,No,210,56,22102,14118,12,80,1,3
763,Product Research Analyst,1,Yes,804,86,22929,2342,20,80,0,2
2023,Business Development Executive,1,No,638,33,26956,1790,19,80,1,3
1689,Client Relations Executive,3,No,1395,48,3458,7005,15,80,0,2
1675,Lab Analyst,1,No,148,42,23826,2440,22,80,0,3
829,HR Specialist,1,No,1041,36,25527,2143,13,80,1,2
312,Business Development Associate,3,No,1413,42,6599,7918,14,80,1,5
2015,Product Research Lead,3,No,201,99,3376,13206,12,80,1,3
1993,Client Relations Executive,3,No,1180,84,13084,8633,23,80,0,3
1309,Lab Analyst,2,No,1089,79,22845,4883,18,80,1,3
1621,Product Research Analyst,2,No,819,48,26312,5208,11,80,0,2
85,Operations Director,2,No,1195,95,22656,6499,13,80,0,3
1420,Lab Analyst,2,No,1475,97,22710,4284,20,80,0,2
804,Product Research Analyst,1,No,121,86,7530,4381,11,80,0,3
1322,Operations Director,2,No,524,32,13352,4534,11,80,0,6
292,Operations Director,3,No,829,88,20925,8474,22,80,0,2
1391,Business Development Associate,3,No,541,52,15395,10596,11,80,0,5
1291,Product Research Analyst,1,Yes,735,66,6020,3506,14,80,0,3
732,Business Development Associate,2,No,1179,84,11924,5405,14,80,0,1
2044,Business Development Associate,2,No,878,94,14255,6728,12,80,2,3
1546,Product Research Analyst,1,No,950,97,4585,2132,20,80,1,3
112,Operations Director,3,No,1400,49,21698,7260,11,80,0,3
1857,Operations Director,3,No,706,82,19989,8578,14,80,1,4
1768,Lab Analyst,1,No,855,57,8952,2766,22,80,3,6
1697,Client Relations Executive,3,No,370,92,20467,10883,20,80,1,2
879,Business Development Associate,2,Yes,141,98,14363,4194,18,80,0,3
1858,HR Specialist,1,No,280,43,10494,2706,15,80,1,2
1572,Operations Director,3,No,607,78,14618,10169,16,80,1,4
1936,Operations Director,2,No,867,87,12315,5151,25,80,1,3
1867,Product Research Lead,5,No,1224,91,13583,19665,12,80,0,3
378,Business Development Associate,2,No,228,98,22825,6502,14,80,1,5
1392,Product Research Analyst,2,Yes,1200,75,13953,5467,14,80,2,4
484,Business Development Executive,1,No,895,39,2851,2610,24,80,0,3
859,Business Development Associate,2,No,117,73,9250,4403,11,80,1,3
4,Lab Analyst,1,Yes,1373,92,2396,2090,15,80,0,3
10,Lab Analyst,1,Yes,1324,81,9964,2670,20,80,3,3
425,Lab Analyst,3,No,1249,97,20308,5210,18,80,1,2
881,Product Research Analyst,1,Yes,130,96,16612,2022,19,80,1,3
1257,Product Research Analyst,1,No,469,46,9256,3692,12,80,0,2
2037,Business Development Associate,2,No,930,57,12227,8938,11,80,1,5
298,Department Manager,3,Yes,896,75,14674,13591,18,80,0,3
1292,Product Research Analyst,2,Yes,603,78,5628,2372,16,80,0,2
35,Business Development Associate,2,No,691,48,21173,6825,11,80,1,2
1495,Business Development Executive,1,No,830,78,7103,2033,13,80,1,2
1157,Business Development Associate,2,Yes,603,77,18385,8224,17,80,0,3
902,Client Relations Executive,2,No,422,33,21782,5562,13,80,1,2
885,Business Development Associate,2,No,583,87,18154,4256,12,80,0,1
1006,Product Research Analyst,1,No,1391,66,12127,2684,17,80,1,0
1515,Client Relations Executive,2,Yes,516,69,22049,6388,17,80,0,6
862,Business Development Associate,3,Yes,661,78,20715,10934,18,80,1,3
1126,Operations Director,3,No,1082,83,11535,10820,11,80,1,1
351,Lab Analyst,1,Yes,269,56,8007,2593,11,80,1,4
32,Department Manager,5,No,1282,58,10735,19094,11,80,1,3
454,Lab Analyst,1,Yes,318,77,4759,2119,11,80,0,4
793,Client Relations Executive,2,No,657,66,25549,4335,12,80,1,3
61,Product Research Analyst,1,No,408,73,10227,3022,21,80,0,1
141,Product Research Lead,5,Yes,1115,73,9755,18172,19,80,0,1
469,Business Development Associate,2,No,746,61,16928,4649,14,80,1,3
73,Product Research Lead,3,Yes,515,98,15146,13458,12,80,0,1
1074,Department Manager,4,No,444,40,17323,16756,15,80,0,3
296,Product Research Lead,3,No,1469,81,15736,12490,16,80,2,5
159,Product Research Analyst,1,No,1312,96,22310,2613,25,80,3,2
1256,Department Manager,5,No,1098,85,12124,18711,13,80,1,2
987,Operations Director,2,Yes,1379,64,6759,5067,19,80,0,3
95,Product Research Analyst,1,No,1082,87,18775,2501,17,80,0,4
1856,Lab Analyst,1,No,207,64,5411,2105,12,80,0,2
1308,Product Research Analyst,1,No,848,88,26076,2372,12,80,2,3
58,Product Research Lead,5,No,1360,49,16280,19545,12,80,0,0
2054,Product Research Analyst,1,No,468,73,8489,3785,14,80,0,3
716,Lab Analyst,1,Yes,1207,74,3297,3221,11,80,3,3
2010,Lab Analyst,1,No,267,49,15919,2837,13,80,0,3
1608,Product Research Lead,5,Yes,1313,31,3549,19049,14,80,1,4
1152,HR Specialist,1,No,433,37,6004,2844,13,80,1,2
1053,Product Research Analyst,1,Yes,342,57,15346,2042,14,80,1,2
729,Business Development Associate,3,Yes,580,48,23772,10475,21,80,1,2
834,Product Research Analyst,1,No,252,95,6153,2274,14,80,0,3
624,Client Relations Executive,3,No,1034,86,8984,10527,11,80,0,3
1082,Client Relations Executive,3,No,1366,72,12355,8722,12,80,0,2
1755,Product Research Analyst,1,Yes,181,97,5586,2932,14,80,3,3
1034,Client Relations Executive,2,Yes,135,62,12992,6385,14,80,2,3
1269,Product Research Analyst,1,Yes,265,57,21221,2994,12,80,0,2
78,Operations Director,2,Yes,427,33,10877,6162,22,80,1,3
1449,Lab Analyst,2,No,663,81,23099,3975,11,80,2,2
121,Business Development Associate,2,Yes,1334,63,19760,5209,12,80,3,4
926,Operations Director,2,Yes,617,34,10022,4171,19,80,1,3
945,Product Research Analyst,1,No,1469,51,5543,2259,17,80,2,2
264,Department Manager,4,No,1195,65,20462,16792,23,80,1,1
386,Product Research Lead,4,Yes,1070,45,21016,17584,16,80,3,5
481,Business Development Associate,3,No,541,48,7246,9699,11,80,1,2
710,Product Research Analyst,1,No,806,76,18959,2720,18,80,1,5
1080,Product Research Analyst,2,Yes,1003,74,21029,4615,23,80,3,2
1025,Operations Director,2,No,549,42,23371,5003,14,80,0,6
248,Business Development Executive,1,Yes,1356,70,21728,3140,22,80,0,5
1401,Operations Director,4,Yes,322,59,9731,13247,11,80,1,3
145,Client Relations Executive,3,No,1456,30,25796,7484,20,80,0,1
55,Lab Analyst,1,No,1357,48,10558,2293,12,80,0,2
1556,Business Development Executive,1,Yes,1157,70,17001,2644,21,80,0,3
282,Client Relations Executive,2,Yes,1180,70,11354,6673,19,80,0,2
1613,Business Development Associate,2,No,715,54,21602,5332,13,80,0,3
68,Business Development Associate,2,Yes,1488,75,4009,5454,21,80,1,2
747,Business Development Associate,2,No,501,99,25275,5304,23,80,1,2
1331,Business Development Executive,1,Yes,1060,54,8319,2302,11,80,0,2
1405,Product Research Analyst,1,Yes,135,51,25681,2394,13,80,0,2
1136,Product Research Analyst,1,No,1451,67,19911,3201,17,80,0,2
1009,Operations Director,2,No,1206,41,24117,4377,15,80,2,6
249,Lab Analyst,1,No,328,86,3425,3690,15,80,1,2
182,Business Development Associate,2,No,1329,47,14590,5902,14,80,1,1
1298,Operations Director,2,Yes,879,72,12858,4695,18,80,0,3
104,Lab Analyst,2,Yes,852,55,15998,5126,12,80,2,1
1669,Business Development Associate,2,Yes,991,43,3356,4187,13,80,1,3
140,Department Manager,5,No,1420,32,21922,18844,21,80,1,3
742,Product Research Lead,3,No,427,63,20335,11713,14,80,1,2
994,Product Research Analyst,1,Yes,906,92,11479,2404,20,80,0,5
648,Business Development Executive,1,No,448,74,14470,2033,18,80,1,2
226,Department Manager,5,No,1452,53,17053,19926,15,80,0,5
340,Product Research Analyst,1,No,1017,83,18697,3920,14,80,1,2
421,Product Research Lead,3,No,849,81,26707,12061,17,80,1,2
599,Business Development Associate,2,No,267,56,13430,6230,14,80,0,3
1762,Product Research Analyst,1,No,590,91,10007,2109,13,80,1,2
452,Product Research Analyst,2,No,549,75,9278,3697,14,80,2,3
129,Business Development Associate,2,No,120,43,8863,4221,15,80,0,3
1954,Client Relations Executive,2,No,136,89,6225,5373,12,80,1,5
1109,Department Manager,4,No,469,35,14399,17665,17,80,1,3
1263,Product Research Lead,5,No,715,76,8733,18265,12,80,0,3
137,Lab Analyst,1,Yes,871,66,19783,2926,18,80,0,5
581,Operations Director,3,No,1274,33,14394,10648,25,80,1,6
1722,HR Specialist,2,No,552,60,20794,6430,19,80,1,4
1844,HR Specialist,1,Yes,350,56,3157,2335,15,80,3,3
1171,Business Development Associate,2,No,647,45,2253,5155,13,80,0,3
2045,Business Development Associate,2,No,1120,100,14369,6652,13,80,1,2
412,Client Relations Executive,2,No,1476,68,4824,5661,19,80,0,2
1734,Business Development Associate,2,No,964,34,12147,6735,15,80,0,2
1682,Client Relations Executive,2,No,1351,80,7419,5347,14,80,2,2
517,Lab Analyst,1,No,201,95,20490,2576,16,80,1,5
327,Department Manager,4,Yes,1034,80,7744,16064,22,80,1,3
1710,Business Development Executive,2,No,530,51,7439,4502,15,80,0,2
369,Client Relations Executive,2,No,675,85,18384,4000,12,80,2,2
419,Lab Analyst,2,No,1105,47,6927,5674,15,80,1,3
154,Business Development Associate,3,No,1467,92,22952,9738,14,80,1,6
1668,Product Research Analyst,2,No,1189,90,9867,4735,15,80,2,4
939,Product Research Analyst,1,Yes,1198,100,3339,2799,11,80,0,1
341,Operations Director,2,No,1199,77,5118,6434,17,80,1,1
1898,Business Development Associate,2,No,511,89,26997,6500,14,80,0,5
1489,Business Development Associate,2,Yes,790,40,7815,4599,23,80,0,2
94,Product Research Analyst,1,No,1328,76,4956,2703,23,80,1,3
125,Business Development Associate,2,No,1093,87,24301,5010,16,80,0,0
1124,Department Manager,4,No,406,52,15596,17465,12,80,1,3
42,Business Development Executive,2,No,895,56,3335,2086,14,80,1,6
1523,Product Research Lead,4,No,136,32,22074,16328,13,80,1,1
601,Operations Director,4,No,302,75,20364,13237,15,80,0,3
597,Department Manager,4,No,1117,83,9873,16835,23,80,0,2
999,Product Research Lead,5,No,840,64,3735,19419,17,80,1,2
1188,Business Development Associate,2,No,1372,85,9489,5346,13,80,0,2
1583,Business Development Associate,2,No,437,90,16379,4198,12,80,0,5
1752,Business Development Executive,1,No,428,52,14630,2760,13,80,0,3
1417,Lab Analyst,1,No,652,100,23577,3578,12,80,0,2
101,Product Research Lead,3,Yes,193,52,15067,13245,14,80,0,3
110,Operations Director,2,No,1153,94,17736,4325,15,80,0,2
1382,Product Research Analyst,1,No,693,57,15748,2610,11,80,3,2
106,Business Development Associate,3,No,111,70,18092,10239,14,80,1,4
614,Business Development Executive,1,Yes,1306,69,8059,1878,14,80,0,3
1628,Operations Director,3,No,884,80,25800,10435,13,80,2,2
942,Client Relations Executive,2,Yes,1137,51,19170,4014,25,80,1,2
1315,Lab Analyst,2,No,1476,55,16392,6674,11,80,3,6
1680,Business Development Executive,1,No,727,54,21082,2728,11,80,0,3
584,Lab Analyst,1,No,587,38,6705,3408,13,80,3,2
895,Product Research Analyst,1,Yes,1222,48,14871,2356,19,80,1,2
1092,Client Relations Executive,3,No,1492,61,26542,10322,20,80,1,6
1215,Department Manager,4,No,1421,30,9490,17856,22,80,1,3
1648,Product Research Analyst,1,No,591,87,6297,2580,13,80,0,0
536,Lab Analyst,2,No,1300,79,13535,4558,12,80,1,2
1790,Client Relations Executive,3,Yes,1383,90,25949,8321,13,80,1,1
1472,Product Research Lead,4,No,447,39,19764,16598,12,80,0,2
1803,Client Relations Executive,2,No,1128,95,5696,5538,18,80,2,2
139,Client Relations Executive,2,No,1040,100,15850,5163,14,80,1,2
843,Product Research Lead,4,No,589,94,5200,17159,24,80,1,3
1270,Product Research Analyst,1,No,373,47,16901,1223,22,80,1,2
1409,Lab Analyst,1,No,258,54,17363,2950,13,80,0,2
1249,Product Research Analyst,1,No,1010,97,5598,3760,15,80,3,5
80,Product Research Lead,5,Yes,989,43,16701,18740,12,80,1,2
387,Business Development Associate,2,No,635,99,24532,4907,25,80,0,3
2068,Lab Analyst,2,No,628,82,10228,4404,12,80,0,3
330,Business Development Executive,1,No,1401,56,20990,3931,11,80,1,5
307,Business Development Associate,3,No,119,76,9647,10609,12,80,2,6
197,Product Research Analyst,1,No,201,84,10415,3204,14,80,1,3
1935,Business Development Associate,2,No,1443,89,20328,5380,16,80,1,3
497,Lab Analyst,1,No,1469,82,17881,3816,11,80,1,2
155,Lab Analyst,1,No,922,39,2561,2835,22,80,1,2
1802,Lab Analyst,1,No,616,99,25605,3377,17,80,1,5
342,Operations Director,3,No,504,61,22573,10048,11,80,2,5
1994,Lab Analyst,1,No,1313,59,20439,2008,12,80,3,2
13,Client Relations Executive,2,No,1299,94,16577,5237,13,80,2,3
602,Lab Analyst,1,No,443,48,17872,3755,11,80,1,3
990,Business Development Associate,2,No,1229,84,25952,5079,13,80,2,3
350,Operations Director,2,No,685,62,7505,4898,12,80,2,3
823,Operations Director,2,No,676,35,23361,5228,15,80,1,2
518,Operations Director,2,Yes,1305,49,21123,4197,12,80,0,2
1282,Department Manager,5,Yes,237,83,19196,19847,24,80,1,5
1655,Product Research Lead,4,No,301,72,3498,16413,16,80,2,2
771,Client Relations Executive,2,No,1225,61,4761,5093,11,80,1,2
1767,Product Research Analyst,1,Yes,807,38,15587,2437,16,80,1,4
1114,Business Development Associate,2,No,970,30,13401,4302,17,80,1,3
618,Business Development Associate,2,No,775,45,4267,4306,12,80,2,5
1007,Operations Director,3,No,566,75,24208,10845,13,80,1,3
1907,Lab Analyst,1,No,1162,97,10261,2587,16,80,0,3
195,Business Development Associate,2,No,689,35,22812,4668,17,80,3,2
680,Product Research Analyst,1,No,160,71,22653,2083,20,80,1,2
1562,Business Development Associate,2,No,740,64,5323,9714,11,80,1,4
1027,Operations Director,2,No,1055,47,4658,4227,18,80,1,2
1911,Product Research Lead,3,No,1396,83,14842,13348,13,80,1,3
1016,Product Research Analyst,1,Yes,1097,98,18275,2600,15,80,0,2
738,Business Development Executive,1,No,316,54,9983,3875,15,80,1,2
243,Lab Analyst,1,No,303,47,9241,1102,22,80,0,3
1996,Business Development Executive,1,No,1154,54,6393,3067,19,80,1,1
974,Business Development Executive,1,No,1404,84,18203,2157,15,80,1,5
1860,Lab Analyst,1,No,1142,81,13624,3968,13,80,0,3
1880,Business Development Associate,2,Yes,1266,63,6060,5673,13,80,1,4
1167,Business Development Associate,4,Yes,481,44,2447,13758,12,80,0,2
1204,Department Manager,4,No,1402,69,24097,17048,23,80,0,2
2056,Business Development Associate,4,No,722,60,8828,12031,11,80,1,2
11,Lab Analyst,1,No,1358,67,13335,2693,22,80,1,2
1435,Lab Analyst,2,No,172,37,22604,5810,16,80,0,2
927,Lab Analyst,1,Yes,1085,57,17725,2778,13,80,1,1
1605,Product Research Analyst,1,Yes,457,85,10293,2814,14,80,0,2
478,Business Development Executive,1,Yes,756,99,9150,2174,11,80,0,3
1085,Product Research Analyst,1,No,509,43,18863,3376,13,80,0,3
1564,Lab Analyst,1,No,992,68,21731,2450,19,80,0,3
447,Product Research Lead,5,No,1482,42,16375,18300,11,80,1,2
1460,Client Relations Executive,3,Yes,1038,95,19863,10851,18,80,1,2
1590,Client Relations Executive,2,No,995,87,24483,8853,19,80,1,0
2060,Business Development Executive,1,No,1167,30,21378,2966,18,80,0,2
353,Product Research Analyst,1,No,833,96,23231,2723,11,80,0,0
1932,Product Research Analyst,2,Yes,735,86,26496,5747,15,80,0,3
496,Client Relations Executive,2,No,755,97,19394,6540,19,80,0,5
1534,Lab Analyst,1,No,676,86,21831,2018,14,80,0,3
1242,Product Research Lead,3,Yes,458,60,23281,13191,17,80,0,6
193,Product Research Analyst,2,Yes,364,32,2302,4317,20,80,0,2
720,Business Development Associate,2,No,693,65,24785,4577,14,80,0,3
1588,Business Development Associate,3,No,1462,38,4658,8237,11,80,1,3
1361,Lab Analyst,1,No,329,88,6762,2387,22,80,1,3
1553,Client Relations Executive,3,No,538,66,20933,7441,12,80,3,4
2051,Product Research Analyst,1,No,1194,98,12549,2001,14,80,3,2
590,HR Specialist,3,Yes,988,43,11533,9950,15,80,3,2
727,Product Research Lead,3,No,1018,39,19373,11159,15,80,0,6
1656,Product Research Lead,3,No,813,50,21981,13269,15,80,3,3
311,Business Development Executive,1,No,319,41,2539,2793,17,80,1,2
1421,Client Relations Executive,3,Yes,337,84,22930,7553,12,80,0,1
314,Business Development Associate,3,No,944,92,9096,8789,14,80,0,3
1833,Business Development Associate,3,No,1125,68,8277,9637,14,80,2,3
1782,Lab Analyst,1,No,1153,40,16376,3702,11,80,1,3
293,Business Development Associate,2,No,1242,90,12916,9981,14,80,0,2
103,HR Specialist,2,Yes,945,80,10425,5021,22,80,1,2
200,Lab Analyst,1,No,933,94,6961,2238,21,80,1,2
1128,Product Research Lead,5,No,1308,44,17544,19626,14,80,0,2
1211,Business Development Associate,2,No,1329,61,13192,4115,19,80,3,3
1224,Lab Analyst,2,No,853,49,11309,3491,13,80,3,4
934,Lab Analyst,1,No,546,83,6896,2008,14,80,2,3
1598,Business Development Associate,2,No,118,84,11262,4639,15,80,1,2
766,Business Development Executive,1,No,1090,83,17967,2297,14,80,2,2
1217,Product Research Lead,5,No,1450,52,10849,19081,11,80,1,2
176,Business Development Associate,3,Yes,802,96,21196,8189,13,80,1,2
1929,Business Development Associate,2,No,1251,32,3987,5736,19,80,1,1
1143,Product Research Analyst,1,No,490,61,17940,3291,14,80,2,2
546,Department Manager,4,No,1490,30,10310,16555,13,80,0,2
1394,Product Research Analyst,1,Yes,1439,54,5182,2996,15,80,0,2
690,Business Development Associate,2,No,1176,62,3487,5561,14,80,1,5
1683,HR Specialist,1,Yes,528,44,4167,3195,18,80,3,2
684,Business Development Associate,2,No,306,100,5630,4286,14,80,2,4
1399,Business Development Associate,2,No,1372,93,12477,6232,11,80,0,3
467,Business Development Executive,2,No,1309,99,25751,2976,19,80,0,3
515,Lab Analyst,1,No,1107,95,26914,3034,12,80,1,2
1,Business Development Associate,2,Yes,1102,94,19479,5993,11,80,0,0
482,Client Relations Executive,2,No,593,88,2967,6755,11,80,0,2
1156,Lab Analyst,1,No,247,80,13556,1904,12,80,0,0
1955,Client Relations Executive,2,No,1146,34,16542,6667,18,80,1,6
641,Business Development Associate,2,No,703,66,7428,6272,20,80,2,5
1758,Business Development Associate,3,Yes,211,74,10092,8564,20,80,0,2
75,Lab Analyst,1,Yes,1142,30,16002,4014,15,80,1,3
882,Lab Analyst,1,No,300,61,9148,2314,12,80,1,2
1797,Business Development Associate,2,Yes,303,84,13492,5813,18,80,0,2
1458,Lab Analyst,1,Yes,592,54,17181,3646,23,80,0,2
1360,Operations Director,3,Yes,601,53,12023,10008,14,80,0,0
238,Lab Analyst,1,No,1480,30,15062,2088,12,80,0,3
604,Business Development Associate,2,Yes,828,77,8346,6582,13,80,0,2
164,Product Research Analyst,1,No,841,46,23300,2368,19,80,0,3
1310,Product Research Analyst,1,No,360,93,22154,3904,13,80,0,2
725,Operations Director,3,No,608,68,6009,7412,11,80,0,3
1200,Product Research Analyst,1,Yes,1097,96,10826,2936,11,80,0,4
996,Lab Analyst,1,No,974,91,11005,2270,14,80,2,2
119,Client Relations Executive,4,No,530,78,14115,13503,22,80,1,3
2000,Product Research Lead,3,No,1162,98,17231,11957,18,80,2,3
247,Product Research Analyst,1,No,629,95,5711,2311,15,80,0,3
1225,Product Research Analyst,2,No,200,32,7744,4541,25,80,0,3
1362,Business Development Associate,2,No,607,83,2261,4639,16,80,1,2
1094,Lab Analyst,1,No,1277,87,5869,4621,19,80,3,4
554,Business Development Executive,1,Yes,1448,62,21972,3202,16,80,0,4
343,Client Relations Executive,3,No,505,64,6420,10938,25,80,0,1
90,Product Research Analyst,1,Yes,318,79,21777,3388,17,80,1,0
1115,Product Research Analyst,1,No,697,40,22478,2979,17,80,3,2
174,Business Development Associate,3,No,809,77,6645,9208,11,80,0,3
410,Department Manager,4,No,334,88,15896,16015,19,80,0,2
1389,Operations Director,2,Yes,330,98,21057,6179,15,80,2,3
444,Department Manager,5,No,672,54,21141,19272,15,80,1,2
2020,Product Research Analyst,1,Yes,1037,42,13422,2436,12,80,0,2
1545,Operations Director,2,No,575,44,24152,4320,13,80,0,2
677,Business Development Associate,2,No,1216,39,20431,7104,12,80,0,3
2018,Business Development Associate,2,Yes,1382,85,13684,4907,22,80,1,3
1161,Client Relations Executive,2,No,367,52,17171,5731,13,80,2,2
486,Lab Analyst,1,No,921,98,17663,3452,20,80,1,3
667,Business Development Executive,1,No,1420,85,16346,3041,11,80,1,3
1992,Lab Analyst,1,Yes,977,57,7298,3977,19,80,1,2
456,Business Development Associate,2,No,570,30,5431,6118,13,80,3,2
565,Product Research Analyst,1,No,408,71,18300,2546,16,80,0,2
224,Product Research Analyst,1,Yes,1450,79,25326,2566,15,80,1,2
36,Client Relations Executive,3,No,477,42,2094,10248,14,80,1,4
705,Product Research Analyst,1,No,885,58,8544,2819,16,80,1,3
262,Product Research Analyst,1,No,1344,37,5228,2089,14,80,3,3
1299,Lab Analyst,1,Yes,806,39,17285,3339,13,80,2,2
1870,Product Research Analyst,1,No,1131,77,23844,4774,19,80,1,2
1869,Business Development Associate,3,No,1254,64,14011,7314,21,80,3,2
231,Product Research Analyst,1,No,120,43,12430,3038,20,80,0,2
228,Business Development Associate,3,No,1339,41,8053,9419,12,80,1,2
904,Business Development Associate,3,Yes,1252,32,4814,7642,13,80,0,2
239,Lab Analyst,2,No,111,66,11012,3072,11,80,2,4
709,Business Development Associate,2,No,243,46,7791,4028,20,80,0,2
1670,Business Development Associate,2,No,392,93,3921,5505,14,80,2,5
1630,Client Relations Executive,2,No,208,52,12250,4148,12,80,1,5
1275,Product Research Analyst,1,Yes,583,53,9973,2875,20,80,0,2
663,Lab Analyst,2,Yes,1001,72,19627,5679,13,80,1,3
96,Product Research Analyst,2,No,548,66,7346,6220,17,80,2,3
1721,Lab Analyst,1,No,741,69,18103,3477,14,80,1,2
813,Lab Analyst,2,No,1325,82,21821,3149,20,80,1,3
1039,Business Development Associate,4,Yes,1448,53,11737,13320,18,80,1,2
912,Lab Analyst,1,No,1086,62,6054,2532,14,80,3,5
1175,Lab Analyst,1,Yes,1485,79,22955,2515,11,80,0,4
325,Lab Analyst,1,Yes,813,58,22149,2436,13,80,1,2
1017,Lab Analyst,1,No,109,60,25725,2422,17,80,0,3
297,Product Research Analyst,1,Yes,1005,88,8556,2657,11,80,0,5
221,Product Research Analyst,1,No,440,42,6672,2713,11,80,1,2
175,Business Development Associate,2,Yes,542,71,24788,4559,11,80,1,2
2021,Business Development Executive,1,Yes,501,58,25479,2380,11,80,0,6
306,Product Research Lead,3,Yes,663,47,10056,12185,14,80,3,1
1687,Lab Analyst,1,No,1495,87,26176,3306,19,80,1,5
1303,Product Research Analyst,1,No,266,40,18830,2096,18,80,0,3
252,Product Research Analyst,1,No,931,72,4673,2756,13,80,1,5
54,Lab Analyst,1,No,1240,33,19715,2341,13,80,1,6
966,Operations Director,2,No,498,93,13554,6725,12,80,1,2
143,Product Research Analyst,1,No,1280,64,26897,2889,11,80,2,2
51,Product Research Analyst,1,Yes,852,82,13072,3419,14,80,1,3
787,Department Manager,5,Yes,725,78,21199,19859,13,80,1,2
1854,Product Research Analyst,1,No,355,38,6161,2936,22,80,2,1
1878,Product Research Analyst,1,Yes,391,75,26092,2472,23,80,0,2
1989,Lab Analyst,1,No,911,76,4077,3748,13,80,0,6
652,Lab Analyst,2,No,538,54,14004,3681,14,80,0,3
630,Product Research Analyst,2,Yes,956,78,22087,5577,12,80,2,3
1245,Operations Director,3,No,966,53,9659,10502,17,80,1,2
1319,Business Development Associate,3,Yes,1030,64,21534,8446,19,80,0,2
31,Product Research Analyst,1,No,699,83,17102,2960,11,80,0,2
1973,Department Manager,5,Yes,189,71,25811,19636,18,80,1,0
1408,Department Manager,4,No,1147,31,16616,16799,14,80,1,5
88,Product Research Analyst,1,No,664,79,5868,2194,13,80,1,2
1239,Business Development Associate,2,No,107,84,11591,6852,12,80,1,2
1736,Operations Director,2,No,163,30,6670,5238,20,80,0,3
488,Business Development Associate,2,No,143,56,9558,9355,18,80,0,5
686,Lab Analyst,1,Yes,991,71,17759,2659,13,80,1,2
1190,Business Development Executive,1,No,862,76,14947,2827,12,80,3,3
1805,HR Specialist,1,No,1336,100,7129,2592,13,80,3,3
511,Product Research Analyst,1,No,253,43,24440,2244,13,80,1,1
1019,Lab Analyst,1,No,217,94,6881,2451,15,80,1,3
1001,Lab Analyst,1,No,1134,37,12086,2811,14,80,1,2
1835,Business Development Executive,2,Yes,723,77,4244,5405,20,80,2,4
611,Operations Director,2,No,232,34,22645,4262,12,80,2,2
364,Lab Analyst,1,No,529,79,14935,3485,11,80,0,5
98,Operations Director,2,No,746,61,20682,4424,23,80,0,2
1278,Client Relations Executive,4,Yes,177,37,25592,13577,15,80,1,3
321,HR Specialist,1,No,818,52,25657,2267,17,80,0,2
595,Business Development Associate,2,No,163,37,19658,4051,14,80,1,2
525,Lab Analyst,1,No,313,61,15238,2258,20,80,1,1
845,Operations Director,3,No,950,59,18869,10221,21,80,0,3
242,Product Research Analyst,1,No,134,90,10515,2500,14,80,0,2
23,Department Manager,4,No,1219,78,22021,15427,16,80,0,3
1801,Business Development Associate,2,No,849,98,25166,7991,15,80,0,3
1461,HR Specialist,1,No,1398,96,24609,2109,18,80,0,3
461,Product Research Lead,3,Yes,343,92,15682,11510,14,80,1,3
1424,Product Research Lead,4,No,1136,81,12414,14732,13,80,2,4
1233,Business Development Associate,2,Yes,696,52,10893,5220,18,80,1,3
825,Product Research Lead,5,Yes,286,31,25761,19246,12,80,0,2
79,Lab Analyst,2,No,653,50,5456,2406,11,80,0,2
1732,Business Development Associate,3,Yes,1277,74,5596,10368,12,80,1,5
377,Product Research Analyst,1,No,1158,94,2613,2070,23,80,1,3
2032,Lab Analyst,1,No,310,72,3666,2339,11,80,1,4
1220,Business Development Associate,2,No,1146,82,4905,4539,12,80,1,3
1552,Client Relations Executive,2,Yes,1142,72,8841,4069,18,80,0,2
1944,HR Specialist,1,No,1337,58,19555,2863,12,80,0,2
384,Operations Director,2,No,1479,84,26767,6397,20,80,1,6
1804,Operations Director,2,No,1180,90,24442,5762,14,80,1,6
969,Client Relations Executive,2,No,1069,42,12291,6949,14,80,0,3
492,Business Development Associate,2,Yes,575,68,6110,6380,12,80,2,6
1905,Product Research Analyst,1,Yes,967,85,14460,2307,23,80,1,2
47,Business Development Executive,1,Yes,869,86,3810,2683,14,80,0,2
1022,Client Relations Executive,2,No,277,97,13119,4240,13,80,0,0
1830,Product Research Analyst,2,No,431,68,15696,6854,15,80,1,2
922,Business Development Executive,1,No,500,49,22052,2044,13,80,0,3
1813,Product Research Analyst,1,No,343,52,24978,2438,13,80,0,2
1859,Client Relations Executive,2,No,726,93,21143,6384,17,80,2,3
1374,Product Research Analyst,1,No,999,92,15891,2029,20,80,3,2
752,Product Research Analyst,1,Yes,933,57,20366,2759,12,80,0,2
1647,Product Research Analyst,1,No,486,86,22490,3517,17,80,0,0
959,Business Development Executive,1,Yes,419,37,9947,2121,13,80,0,3
1026,Operations Director,4,No,466,65,7060,12742,16,80,1,3
260,Product Research Analyst,1,No,894,99,11781,2279,16,80,0,2
1283,Operations Director,3,No,1429,67,20002,10512,12,80,0,6
613,Department Manager,3,No,688,44,25291,11557,21,80,1,3
1216,Lab Analyst,1,No,1179,78,12449,3196,12,80,3,2
523,Business Development Associate,2,No,1381,72,12740,6538,15,80,1,3
941,Business Development Executive,1,No,154,41,11737,2329,15,80,0,2
1050,Business Development Associate,3,No,124,38,23537,7525,12,80,1,2
2034,Operations Director,4,No,582,60,5640,13570,23,80,1,3
1013,Operations Director,3,No,1441,56,13943,10739,11,80,1,2
562,Lab Analyst,1,No,1400,53,16734,2097,15,80,1,3
499,Client Relations Executive,3,No,1261,31,12066,10965,24,80,0,2
550,Operations Director,2,No,1485,87,26314,4810,14,80,1,5
97,Lab Analyst,1,No,132,55,22002,3038,12,80,0,3
1939,Product Research Analyst,1,Yes,238,47,15318,2432,14,80,0,2
1619,Lab Analyst,1,No,1302,67,16290,4066,11,80,2,3
679,Product Research Analyst,2,Yes,646,92,18089,6322,12,80,1,2
1150,Operations Director,2,Yes,718,79,17689,5056,15,80,1,2
267,Product Research Analyst,1,Yes,290,65,22977,3564,12,80,1,3
1601,Lab Analyst,1,No,1349,63,7713,2690,18,80,1,5
851,Department Manager,4,No,1318,66,5594,16307,14,80,1,2
151,Product Research Analyst,2,No,1031,45,15000,4505,15,80,1,3
558,Department Manager,5,No,1398,79,13022,18041,14,80,0,2
1972,HR Specialist,1,Yes,1444,88,5224,2991,11,80,1,2
1363,Operations Director,3,No,855,54,18706,7898,11,80,0,2
836,Operations Director,2,No,933,98,11806,4434,13,80,1,3
1979,Product Research Lead,3,No,697,40,26862,11031,20,80,1,2
118,Business Development Associate,3,No,669,64,13596,9619,16,80,0,3
1185,Lab Analyst,1,No,636,47,26537,2376,13,80,1,2
1928,Business Development Executive,1,No,746,45,10642,1091,17,80,0,3
1976,Product Research Analyst,2,No,335,37,14811,4332,12,80,0,2
1043,Operations Director,3,Yes,945,82,5083,10880,13,80,0,2
675,Product Research Analyst,1,No,604,69,12145,2773,20,80,0,3
15,Lab Analyst,2,Yes,153,49,12682,4193,12,80,0,3
526,Client Relations Executive,2,Yes,1473,74,2227,4522,14,80,0,3
390,Client Relations Executive,2,Yes,496,60,22722,4741,13,80,1,3
961,Client Relations Executive,2,Yes,616,41,17369,5855,11,80,2,2
1692,Lab Analyst,1,No,1259,95,24852,1393,12,80,0,2
1940,Product Research Analyst,1,No,1206,71,14293,4771,19,80,2,0
960,Lab Analyst,1,No,129,84,13008,2973,19,80,0,2
1191,Department Manager,5,No,718,92,18575,19943,13,80,1,2
216,Business Development Executive,1,No,303,75,11314,2231,18,80,1,3
1251,Client Relations Executive,2,Yes,1332,80,17089,6833,12,80,0,2
1644,Department Manager,4,No,365,89,5602,15202,25,80,1,3
352,Product Research Lead,5,No,1416,49,5949,19436,19,80,1,5
453,Business Development Associate,2,Yes,1124,57,13273,7457,22,80,3,2
1945,Business Development Associate,2,No,682,71,15975,5561,16,80,1,2
1467,HR Specialist,1,No,1107,52,3072,2742,15,80,0,0
704,Lab Analyst,1,No,727,41,16900,1281,18,80,2,3
1431,Product Research Analyst,1,No,560,91,20284,2996,14,80,2,2
1066,Business Development Associate,2,No,300,74,22217,8396,14,80,1,3
1807,Lab Analyst,2,No,234,93,6208,5346,17,80,1,3
1052,Lab Analyst,2,No,660,81,7858,4834,14,80,1,3
1527,Department Manager,4,No,228,51,11380,16606,12,80,1,2
714,Business Development Associate,2,Yes,1410,71,16673,4647,20,80,2,3
28,Product Research Lead,3,No,419,53,21293,11994,11,80,0,4
477,Client Relations Executive,2,No,1332,98,17078,6781,23,80,0,6
1747,HR Specialist,1,No,600,66,9732,2180,11,80,1,0
460,Operations Director,2,No,1192,61,23177,6347,16,80,2,2
578,Lab Analyst,2,No,548,42,23428,3780,11,80,0,3
638,Product Research Lead,5,Yes,1245,58,2125,19502,17,80,1,5
300,Product Research Analyst,1,No,992,85,19757,2058,14,80,0,1
1273,Business Development Executive,1,Yes,599,73,8040,1118,14,80,0,4
1937,Product Research Analyst,2,Yes,1394,58,18115,2133,16,80,1,3
1425,Business Development Associate,2,Yes,1174,99,20763,9278,16,80,0,3
2014,Product Research Analyst,2,No,116,52,5340,4108,13,80,0,2
124,Client Relations Executive,3,Yes,638,40,3142,10673,13,80,1,5
1422,Product Research Lead,4,No,971,54,5652,17328,19,80,0,3
972,Lab Analyst,2,No,805,57,23163,4447,12,80,0,5
1403,Business Development Associate,2,Yes,205,98,7100,5769,11,80,0,3
206,Lab Analyst,2,No,194,60,10901,2348,18,80,1,2
1784,Business Development Associate,2,No,196,91,13402,5468,14,80,2,3
2064,Operations Director,2,Yes,155,87,5174,6142,20,80,1,0
1098,HR Specialist,3,No,1376,91,2326,10482,14,80,1,1
805,Business Development Executive,1,No,384,72,20317,2572,16,80,1,1
983,Business Development Associate,2,Yes,152,85,19899,5666,13,80,0,1
1729,Product Research Analyst,1,No,793,33,3811,2862,12,80,1,2
657,Product Research Analyst,1,No,959,83,11757,2836,13,80,0,0
773,Product Research Analyst,1,Yes,268,92,20471,3057,13,80,1,0
1113,Business Development Associate,2,Yes,959,81,17251,4728,14,80,0,4
700,Product Research Analyst,1,No,1115,54,15174,2045,13,80,0,0
878,HR Specialist,1,No,1278,77,8635,2342,21,80,0,3
1542,Lab Analyst,1,No,1210,68,24052,4841,14,80,1,3
1837,Product Research Lead,4,Yes,1216,87,21624,15787,14,80,0,3
1099,Client Relations Executive,3,No,654,34,21214,7119,15,80,1,2
153,Department Manager,3,No,1354,45,5615,11631,12,80,0,6
1028,Lab Analyst,1,No,802,45,9541,3917,20,80,1,4
1529,Client Relations Executive,3,No,1029,91,21195,8606,19,80,0,3
1158,Lab Analyst,1,Yes,167,46,9051,4766,11,80,1,4
158,Department Manager,4,Yes,394,92,19494,16959,12,80,2,3
911,Lab Analyst,1,Yes,374,87,18016,2795,24,80,0,2
880,Operations Director,3,Yes,607,66,23457,10685,20,80,1,2
493,Product Research Analyst,1,Yes,408,42,7551,2657,16,80,0,5
372,Client Relations Executive,4,Yes,1385,79,7501,13496,14,80,0,2
910,HR Specialist,1,Yes,1075,57,22650,2277,11,80,1,4
1304,Business Development Associate,2,No,604,56,11693,6209,15,80,2,4
1140,Operations Director,2,No,1003,95,15834,4033,11,80,0,3
1212,Business Development Associate,2,No,1184,62,25440,4327,12,80,3,2
60,Business Development Associate,2,No,1065,72,10034,4568,20,80,0,2
1771,Product Research Analyst,2,No,775,90,6194,3055,15,80,2,2
1396,Business Development Associate,2,Yes,499,36,20497,4078,13,80,3,3
1226,Business Development Executive,1,No,654,43,5050,2678,17,80,0,2
1073,Operations Director,3,No,796,51,15669,8858,11,80,0,2
7,Lab Analyst,1,No,591,40,16632,3468,12,80,1,3
1415,Lab Analyst,1,No,949,81,4910,3229,11,80,1,2
1787,Business Development Associate,2,No,589,46,8800,4189,14,80,2,2
363,Department Manager,4,Yes,488,75,14977,16872,12,80,1,2
1635,Operations Director,2,No,1329,59,5388,5770,19,80,2,3
1882,Business Development Associate,3,Yes,1480,64,24444,9713,13,80,3,3
593,Lab Analyst,1,No,1368,99,9129,3894,16,80,0,3
1412,Operations Director,3,No,200,60,19944,9362,11,80,0,2
1522,Product Research Analyst,1,No,224,100,7568,2362,13,80,0,2
1166,Product Research Lead,3,No,593,88,13782,13499,17,80,0,3
1842,HR Specialist,1,No,359,89,21495,2956,17,80,0,4
417,Client Relations Executive,3,No,1132,48,10942,9613,17,80,3,5
1622,Operations Director,2,No,580,39,20460,4877,21,80,1,5
428,Department Manager,3,No,553,74,23364,11878,11,80,2,2
201,Lab Analyst,1,No,1181,79,16102,1483,14,80,0,3
797,Product Research Analyst,1,No,182,72,13551,3280,16,80,0,2
64,Lab Analyst,3,Yes,626,98,19294,5381,13,80,0,2
1618,Operations Director,2,No,1387,76,3835,5377,13,80,3,3
1011,Operations Director,2,No,853,96,11275,4148,12,80,1,1
1162,Product Research Analyst,1,No,199,55,7950,2539,13,80,1,0
1577,Product Research Analyst,1,No,479,35,22061,2972,13,80,0,4
632,Business Development Executive,1,No,535,38,5530,2400,13,80,2,3
1367,Operations Director,4,No,1405,82,24439,13142,16,80,0,1
905,Department Manager,4,No,881,98,4544,17924,11,80,1,3
530,Lab Analyst,1,No,329,98,16193,2218,12,80,1,3
699,Operations Director,2,Yes,913,48,13934,8847,11,80,1,2
437,Business Development Associate,2,Yes,1377,74,5242,4478,11,80,0,3
24,Product Research Analyst,1,Yes,371,45,4306,3944,11,80,0,3
954,Business Development Associate,3,No,658,67,20652,9705,12,80,1,2
46,Product Research Analyst,1,No,1273,72,21923,2645,12,80,2,3
1259,Product Research Analyst,1,No,1167,76,3208,2517,11,80,3,2
1154,Product Research Analyst,1,Yes,773,39,22088,2703,14,80,1,2
1850,Lab Analyst,1,Yes,1297,53,19826,2379,14,80,0,3
544,Product Research Analyst,1,No,192,69,9655,2654,21,80,2,3
1285,Lab Analyst,2,No,135,46,22534,4444,13,80,2,2
733,Operations Director,3,No,294,32,4809,8793,21,80,2,4
1048,Department Manager,3,Yes,1089,66,11038,11904,14,80,1,1
1496,Operations Director,3,Yes,1193,86,19719,10209,18,80,0,2
337,Product Research Lead,3,No,1327,73,13523,13675,12,80,1,3
1592,Product Research Analyst,1,No,977,45,12826,2073,16,80,1,2
1088,Client Relations Executive,3,No,330,65,24608,8823,18,80,1,4
661,Product Research Lead,4,Yes,782,50,2671,16627,14,80,1,3
207,Business Development Associate,3,No,967,43,15589,8998,14,80,0,2
1350,Product Research Analyst,2,Yes,482,87,2690,4249,11,80,0,3
1193,Product Research Analyst,1,No,645,54,7172,2552,25,80,0,4
864,Business Development Associate,3,Yes,930,74,19239,10761,12,80,1,2
956,Business Development Associate,2,No,1283,52,11148,4294,12,80,0,2
789,Business Development Associate,3,No,1434,76,14229,7587,15,80,0,1
1971,Client Relations Executive,3,No,574,30,16873,7510,17,80,1,1
22,Lab Analyst,1,Yes,1123,96,7324,2935,13,80,2,2
167,Business Development Executive,1,Yes,528,50,26820,1675,19,80,0,2
1294,Operations Director,2,Yes,429,53,2323,5410,11,80,0,2
1379,Business Development Executive,1,No,703,90,11882,2785,14,80,0,3
2025,Operations Director,2,No,688,97,9192,5131,13,80,3,3
259,Department Manager,5,No,699,65,5678,19999,14,80,1,5
1607,Product Research Analyst,1,No,634,35,18783,3312,17,80,2,3
1397,Client Relations Executive,3,No,1485,71,3449,10920,21,80,1,2
2019,Business Development Executive,1,No,585,40,19788,3482,15,80,2,3
1720,Product Research Analyst,1,No,585,56,17360,3433,13,80,1,3
838,Product Research Analyst,1,No,702,100,8306,2553,16,80,0,3
246,Product Research Analyst,1,Yes,140,95,6984,3929,23,80,1,0
411,Business Development Executive,1,No,812,69,9724,1200,12,80,0,2
669,Business Development Executive,1,No,1343,49,24444,3447,11,80,0,2
1847,Product Research Analyst,2,Yes,430,73,19573,6962,22,80,1,2
1725,Lab Analyst,1,No,506,91,3622,3907,13,80,3,2
1701,Product Research Analyst,1,No,678,35,20338,2929,12,80,0,3
707,Business Development Associate,2,No,810,57,15678,4851,22,80,1,4
1506,Product Research Analyst,1,No,1423,72,12530,1563,14,80,1,2
643,Lab Analyst,1,No,823,94,9100,2127,21,80,1,2
214,Product Research Analyst,1,Yes,1145,75,11873,3346,20,80,1,3
21,Product Research Analyst,1,Yes,334,80,15053,3298,12,80,2,5
1513,Lab Analyst,1,No,410,97,4668,3180,13,80,3,3
749,Business Development Executive,1,No,1396,99,2755,2642,11,80,0,6
913,Product Research Analyst,1,Yes,661,61,7508,2559,13,80,0,0
1684,Lab Analyst,1,Yes,1320,93,20586,3989,11,80,0,2
1436,Business Development Associate,2,No,329,98,13494,5647,13,80,2,3
1727,Client Relations Executive,2,No,717,34,9697,5562,14,80,0,3
1346,Product Research Analyst,2,No,523,98,22455,4661,13,80,0,4
1948,Product Research Analyst,1,Yes,976,48,3995,3065,13,80,1,3
389,Lab Analyst,2,Yes,147,37,15972,5415,19,80,1,4
1107,Lab Analyst,1,No,1330,37,19373,2377,20,80,1,0
309,Product Research Analyst,1,No,142,70,8456,2177,17,80,1,6
33,Product Research Analyst,1,Yes,1125,72,4681,3919,22,80,0,5
585,Business Development Executive,1,No,413,57,18398,2983,14,80,0,3
2013,Business Development Executive,1,No,234,68,18024,2269,14,80,1,2
315,Product Research Analyst,1,Yes,896,86,14961,2389,13,80,0,3
49,Business Development Executive,1,No,890,97,9687,2014,13,80,0,3
1038,Department Manager,5,No,266,57,25846,19845,15,80,1,3
1474,Product Research Analyst,1,No,896,68,8045,2345,14,80,1,3
631,Business Development Associate,2,No,1474,60,23914,4707,12,80,0,2
1756,Business Development Associate,2,No,1283,62,10697,5147,15,80,0,2
2031,Department Manager,5,No,300,56,17312,18880,11,80,0,2
958,Lab Analyst,1,No,938,79,12287,2519,21,80,0,6
1900,Department Manager,4,No,117,58,2437,17174,11,80,1,3
887,Product Research Analyst,1,No,1418,36,10554,3580,16,80,1,2
1778,HR Specialist,1,No,244,97,5033,3539,13,80,0,5
1631,Operations Director,2,No,671,85,26493,5768,17,80,3,2
1719,Product Research Lead,4,No,1005,48,17119,16704,11,80,0,2
1873,Product Research Analyst,1,No,836,98,7975,2662,20,80,1,2
1111,Lab Analyst,1,No,1009,45,7160,2596,15,80,2,2
217,Product Research Analyst,1,No,1256,80,11992,2323,24,80,2,6
1338,Department Manager,5,No,206,99,4022,19717,14,80,0,4
1667,Business Development Associate,2,Yes,880,36,10414,4581,24,80,0,2
1138,Business Development Associate,4,No,174,56,11879,13120,17,80,1,3
1746,HR Specialist,1,No,897,59,2097,2145,14,80,1,2
1228,Operations Director,2,No,150,60,17433,7379,11,80,1,3
1277,Department Manager,5,Yes,1449,94,2493,18824,16,80,0,2
205,Business Development Executive,2,Yes,1436,34,16047,2306,20,80,1,3
1888,Operations Director,2,No,556,93,23888,5906,13,80,2,2
692,Client Relations Executive,2,No,1296,30,5335,7725,23,80,1,2
1602,Department Manager,4,No,563,56,3156,17567,15,80,0,5
1728,Operations Director,2,No,1370,49,5151,6883,16,80,1,3
138,Product Research Analyst,2,No,665,41,12482,4809,14,80,0,3
812,Lab Analyst,1,No,1092,60,26551,2694,11,80,3,4
1826,Lab Analyst,1,No,185,91,9696,2705,16,80,1,2
1612,Business Development Associate,2,No,336,52,24162,4385,15,80,1,2
70,Client Relations Executive,3,Yes,1097,79,8302,9884,13,80,1,3
204,Business Development Associate,3,No,662,94,11439,7295,13,80,2,3
534,Business Development Associate,3,No,645,49,19566,8392,16,80,1,2
2009,Client Relations Executive,2,Yes,501,95,21653,4878,13,80,1,6
286,Lab Analyst,1,No,635,73,7703,2153,13,80,0,2
1982,Lab Analyst,1,No,571,78,13672,2647,13,80,0,6
1586,Lab Analyst,1,Yes,1370,87,16213,4723,18,80,0,3
12,Operations Director,3,No,216,44,8787,9526,21,80,0,2
1430,Product Research Lead,4,No,182,93,8847,16422,11,80,0,3
1849,Business Development Associate,2,No,1422,92,19246,5675,20,80,1,5
1494,Lab Analyst,1,Yes,381,89,16998,3172,11,80,0,2
606,Business Development Associate,2,No,561,61,16177,4805,19,80,1,3
347,Product Research Analyst,2,Yes,916,82,23016,6545,13,80,0,1
1252,Client Relations Executive,2,No,1062,96,17198,6812,19,80,0,2
1799,Product Research Analyst,1,No,1181,82,5531,2044,11,80,1,6
1234,Lab Analyst,1,No,116,77,7331,2743,20,80,1,2
1952,Lab Analyst,1,No,157,95,20006,2867,13,80,0,6
861,Product Research Analyst,1,No,1012,75,2373,3761,12,80,1,3
465,Product Research Analyst,1,No,1309,83,16092,2904,12,80,2,2
1766,Client Relations Executive,2,Yes,833,60,24539,5811,16,80,1,2
362,Lab Analyst,2,No,128,84,19737,2176,13,80,0,5
202,Product Research Analyst,2,No,1395,54,8504,5605,11,80,1,2
635,Operations Director,2,No,446,65,15701,6447,12,80,1,2
888,Lab Analyst,1,No,1269,46,10778,3162,17,80,0,2
2048,Product Research Analyst,1,No,1322,52,2725,2809,14,80,0,2
1949,Lab Analyst,1,No,1351,66,9238,2810,22,80,0,3
758,Lab Analyst,1,No,650,37,4344,2500,14,80,1,2
1295,Client Relations Executive,3,No,621,73,14075,7978,11,80,1,2
659,Client Relations Executive,2,No,622,81,5718,4089,13,80,2,4
1865,HR Specialist,1,No,352,87,15434,2804,11,80,0,3
1649,Lab Analyst,1,Yes,1329,73,3339,2166,14,80,0,3
198,Lab Analyst,1,No,1427,35,11162,2720,13,80,0,3
533,Business Development Associate,2,No,1082,83,19558,6577,11,80,0,6
1334,Department Manager,4,Yes,495,37,26582,17861,13,80,0,3
1943,Business Development Associate,2,Yes,419,77,2900,5087,12,80,2,4
916,Business Development Associate,2,No,821,98,24252,4908,14,80,0,3
622,Lab Analyst,1,Yes,471,66,23213,2340,18,80,0,3
253,Department Manager,5,No,989,46,6499,19033,14,80,1,2
1617,Lab Analyst,1,No,722,84,22102,3211,14,80,1,3
1718,Lab Analyst,1,No,390,62,6217,2305,15,80,3,3
842,Business Development Associate,2,No,436,37,21519,5160,16,80,0,3
194,Product Research Analyst,1,No,438,75,23910,2632,14,80,0,4
1040,Business Development Associate,2,No,145,95,24920,6347,12,80,1,3
1380,Business Development Associate,2,Yes,662,67,23288,4614,18,80,1,0
270,Operations Director,2,No,926,36,16439,5265,16,80,1,5
1238,Product Research Analyst,1,No,117,60,6311,2781,13,80,1,5
385,Product Research Lead,5,No,797,96,15815,19144,14,80,2,4
401,Business Development Associate,2,Yes,950,48,8450,5828,12,80,0,0
2027,Product Research Analyst,1,Yes,1092,36,26124,4787,14,80,3,3
531,Department Manager,5,Yes,1218,52,8213,19197,14,80,1,3
161,Product Research Analyst,1,Yes,441,72,4510,4963,18,80,3,2
1694,Product Research Analyst,1,No,1441,94,23737,3537,12,80,1,1
277,Product Research Analyst,1,Yes,878,43,5972,3815,17,80,1,4
1164,HR Specialist,1,No,528,100,7108,4323,17,80,0,2
338,Product Research Analyst,1,No,832,63,14776,2911,13,80,1,2
1967,Business Development Associate,2,Yes,754,63,21075,5617,11,80,0,4
1947,Product Research Analyst,1,No,1103,49,2122,2144,14,80,0,3
1624,Business Development Executive,1,Yes,544,70,18420,1569,12,80,0,2
513,Business Development Associate,3,No,164,61,3809,7596,13,80,2,2
1816,Operations Director,3,No,1092,64,2739,9667,14,80,0,3
1195,Product Research Analyst,1,Yes,1457,83,20100,4477,19,80,1,2
303,Business Development Associate,2,No,1147,52,17011,5940,14,80,1,4
889,Business Development Associate,2,No,379,48,8891,6524,14,80,1,3
2,Product Research Analyst,2,No,279,61,24907,5130,23,80,1,3
148,Department Manager,4,Yes,142,30,13871,17328,12,80,0,3
975,Business Development Associate,2,No,1219,86,6179,4601,16,80,0,3
1974,Lab Analyst,1,Yes,1276,59,17536,1129,11,80,3,4
1329,Business Development Associate,2,No,256,40,22074,6151,13,80,0,4
1809,Operations Director,2,No,370,58,4992,4213,15,80,0,4
1862,Business Development Associate,2,Yes,414,82,26186,9907,12,80,0,3
591,Lab Analyst,1,No,1474,97,9260,2093,17,80,1,4
1604,Lab Analyst,1,Yes,329,51,7324,2408,17,80,3,3
1760,Lab Analyst,1,No,594,75,15963,2468,14,80,1,4
923,Product Research Analyst,1,No,1427,65,8870,2693,19,80,0,3
1886,Operations Director,2,Yes,219,44,25388,4788,11,80,0,2
1761,Business Development Associate,3,No,1079,70,19002,8161,13,80,3,2
1829,Client Relations Executive,2,No,750,47,10748,4448,12,80,1,3
433,Product Research Analyst,2,No,723,85,17747,4941,15,80,0,3
900,Business Development Executive,1,No,1231,54,21222,2973,15,80,1,3
991,Product Research Analyst,1,Yes,335,46,10322,2321,22,80,0,0
1798,Product Research Analyst,1,No,867,90,6076,3143,19,80,1,1
1368,Lab Analyst,1,No,1124,97,19305,1611,15,80,0,5
867,Operations Director,4,No,890,81,19028,13826,22,80,0,3
875,Product Research Analyst,1,Yes,1271,35,9068,2515,14,80,0,2
1751,Product Research Analyst,1,No,1054,67,6152,3445,11,80,0,5
2017,Product Research Lead,3,Yes,161,42,15471,13744,25,80,1,2
1757,Business Development Associate,2,No,1313,80,8191,4507,12,80,0,1
1909,Business Development Associate,2,No,337,54,26841,4393,21,80,1,3
1105,Business Development Associate,2,Yes,309,88,24223,6694,14,80,3,5
896,Business Development Executive,1,Yes,341,48,23522,2800,19,80,3,3
1427,Business Development Executive,1,No,667,50,16154,1359,12,80,0,3
769,Lab Analyst,2,No,346,86,10919,2450,17,80,0,4
950,Product Research Lead,3,No,1333,80,16292,13582,13,80,1,3
802,Product Research Analyst,1,Yes,571,82,19905,2782,13,80,2,3
1568,Business Development Associate,3,No,1288,33,17799,9250,12,80,1,3
1772,Lab Analyst,1,No,548,94,20520,2289,20,80,2,2
1664,Client Relations Executive,2,No,1040,79,26308,6842,20,80,1,3
717,Client Relations Executive,3,No,1442,46,17654,8621,14,80,0,3
1492,Business Development Executive,1,No,660,76,16192,2404,13,80,1,3
741,Product Research Analyst,1,Yes,654,67,3872,2216,13,80,0,4
1676,Department Manager,4,No,1225,47,21086,15972,14,80,3,2
1037,Business Development Associate,2,No,265,79,21813,4969,18,80,0,6
1915,Business Development Associate,2,Yes,735,75,16495,8103,12,80,0,3
653,Business Development Associate,2,No,525,66,6219,5460,22,80,2,4
126,Product Research Lead,3,No,1217,60,24001,13549,12,80,1,5
1438,Product Research Analyst,1,No,465,74,10205,3420,12,80,1,2
781,Business Development Associate,2,No,883,32,22807,6180,23,80,0,5
1770,Product Research Lead,5,No,478,60,19805,19038,12,80,3,2
1030,Lab Analyst,1,No,804,64,20165,2380,18,80,0,5
1207,HR Specialist,1,No,147,99,8429,3600,13,80,1,2
1246,Product Research Analyst,1,No,1117,72,19982,2011,13,80,1,5
1466,Business Development Associate,2,No,1221,96,24795,5486,11,80,3,3
284,Product Research Analyst,1,Yes,1136,60,12392,2328,16,80,1,2
522,Product Research Lead,5,No,821,86,8509,19406,11,80,1,4
1103,Client Relations Executive,2,No,618,45,22266,7756,17,80,0,1
1218,Business Development Associate,2,Yes,1361,94,21026,8966,15,80,3,2
527,Business Development Associate,2,Yes,891,99,12090,4487,11,80,0,3
1061,Product Research Lead,5,Yes,1464,62,12853,19237,11,80,1,2
1893,Product Research Analyst,1,Yes,482,90,14908,2933,13,80,1,3
1739,Business Development Associate,3,No,371,80,3840,9610,13,80,1,2
1448,Product Research Analyst,1,Yes,1283,90,5561,2127,12,80,0,5
893,Business Development Executive,1,No,395,98,12102,2899,19,80,1,3
846,Business Development Associate,2,Yes,760,81,3698,4779,20,80,0,2
1349,Business Development Associate,2,No,1018,66,4297,4103,17,80,1,2
1010,Lab Analyst,1,Yes,622,39,10074,3743,24,80,1,2
952,Business Development Executive,1,Yes,867,36,18798,2413,18,80,3,2
131,Business Development Associate,4,No,682,37,24409,13872,13,80,0,1
1116,Department Manager,4,No,1262,35,16154,16885,22,80,0,3
543,Operations Director,3,Yes,319,39,19609,7969,14,80,0,4
682,Business Development Associate,2,No,238,34,7507,8381,20,80,0,2
1509,Lab Analyst,2,No,271,43,23070,4789,25,80,1,3
1486,Business Development Executive,1,No,1496,92,15747,2909,15,80,1,3
1296,Lab Analyst,1,Yes,193,52,14222,3867,12,80,1,2
1081,Product Research Analyst,1,Yes,1323,34,10332,2461,12,80,3,2
274,Operations Director,2,No,472,60,9679,4298,19,80,1,1
177,HR Specialist,1,No,1355,61,8916,2942,23,80,1,3
1481,Business Development Associate,2,No,383,79,9282,4768,12,80,1,4
53,Lab Analyst,1,No,464,75,10910,1951,12,80,1,3
1434,Lab Analyst,1,No,1377,91,7679,2099,14,80,0,3
316,Lab Analyst,1,No,1323,89,3300,3212,15,80,0,3
502,Business Development Associate,2,Yes,1362,67,4652,5304,13,80,0,3
394,Lab Analyst,1,Yes,1449,45,14180,2373,13,80,1,2
560,Product Research Analyst,1,No,1349,90,3032,2886,22,80,2,3
521,Lab Analyst,2,No,555,78,13436,3448,22,80,1,3
820,Department Manager,4,Yes,202,33,12982,16752,11,80,1,3
1639,Business Development Associate,3,No,737,55,21530,10306,17,80,0,3
1539,Product Research Lead,4,Yes,333,88,24450,14411,13,80,0,2
899,Operations Director,3,No,672,78,9129,10903,16,80,0,2
1623,Product Research Analyst,1,No,546,97,26009,3117,18,80,0,2
1931,Product Research Analyst,1,No,1354,41,6073,2226,11,80,1,3
712,Business Development Associate,2,No,817,56,18597,8120,12,80,0,3
83,Client Relations Executive,3,No,1223,59,8202,10096,13,80,3,2
19,Lab Analyst,1,Yes,103,50,12947,2028,14,80,0,4
1659,Lab Analyst,1,No,311,77,10950,2013,11,80,0,4
1499,HR Specialist,1,No,330,46,15428,2064,21,80,1,3
664,Department Manager,4,No,1236,40,17997,15402,11,80,1,3
505,Department Manager,4,Yes,1311,97,23258,16659,13,80,0,2
254,Product Research Lead,5,No,692,61,13339,18722,11,80,0,3
1055,Business Development Executive,1,Yes,1333,87,18410,2220,19,80,1,2
299,Business Development Associate,2,No,334,52,22967,6696,15,80,0,5
1100,Business Development Associate,3,Yes,1204,86,10333,9582,22,80,0,2
1520,Department Manager,4,No,1050,87,24456,16032,20,80,1,2
1231,HR Specialist,2,No,179,79,12858,6272,16,80,1,3
455,Lab Analyst,1,No,738,30,7621,3983,17,80,0,2
1003,Business Development Associate,2,Yes,955,83,8571,4163,17,80,0,0
404,Business Development Associate,4,No,555,77,14864,13525,14,80,1,2
1433,Product Research Analyst,1,No,202,34,22262,1261,12,80,0,3
1786,Department Manager,3,No,942,53,22984,13116,11,80,0,2
612,Product Research Lead,4,No,922,95,22578,16184,19,80,1,2
2062,Client Relations Executive,3,No,613,42,21457,9991,15,80,1,5
1131,Product Research Analyst,1,Yes,984,70,25326,2070,11,80,0,6
373,Lab Analyst,1,No,1403,47,20251,3210,11,80,1,4
1402,Product Research Analyst,2,Yes,930,73,20003,4081,14,80,0,3
275,Operations Director,2,Yes,1002,92,23793,6804,15,80,2,0
218,Product Research Analyst,1,No,691,57,5970,2024,18,80,1,1
1014,Client Relations Executive,3,Yes,583,57,6975,10388,11,80,1,3
532,Business Development Associate,4,No,906,86,18256,13212,11,80,3,0
982,Business Development Associate,3,No,231,62,9977,7264,11,80,1,2
1595,Department Manager,5,No,1059,93,26362,19613,22,80,0,2
784,Product Research Analyst,1,No,310,79,19630,3505,18,80,0,3
1439,Business Development Executive,1,No,383,68,15182,4400,12,80,0,2
1445,Business Development Associate,2,Yes,1476,42,15211,4162,12,80,2,3
1558,Product Research Analyst,1,No,598,91,22376,2451,18,80,2,2
283,Business Development Associate,3,No,121,35,24525,7639,22,80,3,3
45,Product Research Analyst,1,Yes,813,61,3020,2293,16,80,1,2
1076,Business Development Associate,3,No,415,79,5268,10798,13,80,1,5
691,Product Research Analyst,2,No,1017,82,19368,6646,13,80,0,3
2035,Business Development Associate,2,No,704,95,8978,6712,21,80,2,2
1960,Lab Analyst,1,No,1404,32,18779,2367,12,80,1,2
120,Business Development Associate,2,Yes,632,71,8423,5441,22,80,0,2
1924,Business Development Associate,2,No,217,43,10410,5487,14,80,0,2
1254,Business Development Associate,2,No,326,48,16490,5171,17,80,0,2
783,Business Development Executive,2,No,954,46,12388,6632,13,80,0,3
1933,Business Development Associate,2,Yes,1475,84,23352,9854,11,80,0,0
1077,Business Development Executive,1,Yes,769,54,17205,2323,14,80,0,3
333,Business Development Associate,2,No,976,100,12069,4465,18,80,0,2
18,Lab Analyst,1,No,1346,93,8758,2661,11,80,1,2
430,Lab Analyst,1,No,185,33,10675,2455,19,80,0,5
830,Operations Director,2,No,859,98,19124,6162,12,80,1,3
516,Business Development Associate,2,No,759,46,22553,5715,12,80,2,5
1818,HR Specialist,1,Yes,920,69,6889,2148,11,80,0,3
227,Product Research Analyst,1,No,465,56,4609,2451,12,80,1,2
1172,Lab Analyst,1,No,982,58,16340,2258,12,80,1,2
26,Operations Director,2,No,673,96,8232,4011,18,80,1,5
897,Business Development Associate,4,No,868,73,22789,11836,14,80,1,3
1625,Department Manager,5,No,1176,98,5220,19658,11,80,1,2
1160,Lab Analyst,1,No,874,72,6233,2610,12,80,1,5
1774,Business Development Associate,2,Yes,1375,87,12313,4001,14,80,1,3
780,Product Research Analyst,1,Yes,527,63,5207,2686,13,80,0,2
2016,Business Development Associate,3,No,801,48,24032,10422,19,80,2,3
957,Lab Analyst,1,Yes,263,59,3119,4721,13,80,0,3
1340,Product Research Analyst,1,No,458,74,8532,3544,16,80,1,0
258,Client Relations Executive,4,No,313,98,7192,13734,18,80,0,6
1372,Business Development Associate,4,Yes,267,85,9277,13695,17,80,0,2
976,Department Manager,4,No,1053,70,13829,17099,15,80,1,2
698,HR Specialist,3,No,397,88,6729,10725,15,80,1,1
1533,Lab Analyst,2,No,507,97,24812,2272,14,80,0,2
639,Product Research Analyst,1,Yes,691,89,21630,2725,11,80,2,3
1198,Lab Analyst,1,No,805,87,12828,3033,12,80,0,2
1036,Business Development Associate,2,Yes,1035,42,4981,6861,12,80,0,1
346,Product Research Analyst,1,No,665,60,22673,2340,19,80,0,1
27,Business Development Executive,1,No,1218,82,6986,3407,23,80,0,4
1875,Business Development Executive,1,No,1172,78,3692,2856,19,80,1,3
616,Client Relations Executive,2,Yes,509,62,2112,6811,17,80,0,3
1665,Department Manager,4,No,584,91,18685,17426,25,80,1,6
381,Department Manager,3,No,1315,71,19100,11996,18,80,1,6
1336,Department Manager,5,No,282,58,6992,19187,14,80,1,5
1704,Product Research Analyst,1,Yes,146,79,13970,4930,14,80,0,2
514,Product Research Analyst,1,Yes,464,40,3427,2285,23,80,0,4
1117,Business Development Associate,2,No,1050,65,17970,5593,13,80,1,2
2022,Department Manager,5,No,105,87,15302,19431,13,80,0,3
463,Business Development Associate,2,Yes,144,39,11866,8268,14,80,2,2
1068,Product Research Analyst,1,No,921,66,25265,2007,13,80,2,5
1868,Product Research Analyst,1,Yes,459,73,14753,2439,24,80,0,3
171,Product Research Analyst,1,No,957,72,16090,4739,12,80,0,2
1219,Lab Analyst,1,No,984,97,3372,2210,13,80,1,3
1587,Client Relations Executive,2,Yes,670,51,4223,6142,16,80,0,4
1968,Business Development Associate,3,Yes,1168,66,5843,10448,13,80,0,2
116,Lab Analyst,1,No,432,96,18725,2075,23,80,2,4
448,Lab Analyst,2,No,559,82,6227,5257,11,80,1,3
1735,Lab Analyst,1,No,160,51,12862,3295,13,80,0,3
625,Department Manager,4,No,1276,91,5626,16595,16,80,1,2
160,Business Development Associate,2,No,750,95,15480,6146,13,80,1,2
1473,Client Relations Executive,2,No,1495,96,21534,6651,14,80,1,0
1549,Lab Analyst,2,Yes,589,79,22949,5207,12,80,1,3
1596,Lab Analyst,2,No,750,46,25348,3407,17,80,2,3
1814,Client Relations Executive,2,No,447,85,15530,6870,12,80,0,3
1203,Product Research Analyst,1,Yes,1256,48,4223,2853,11,80,1,5
2053,Lab Analyst,2,Yes,1378,46,23679,4025,13,80,1,2
1591,Department Manager,5,Yes,264,59,19519,19331,16,80,1,2
